--
-- PostgreSQL database dump
--

-- Dumped from database version 12.0 (Debian 12.0-2.pgdg100+1)
-- Dumped by pg_dump version 13.1 (Ubuntu 13.1-1.pgdg18.04+1)

SET statement_timeout = 0;
SET lock_timeout = 0;
SET idle_in_transaction_session_timeout = 0;
SET client_encoding = 'UTF8';
SET standard_conforming_strings = on;
SELECT pg_catalog.set_config('search_path', '', false);
SET check_function_bodies = false;
SET xmloption = content;
SET client_min_messages = warning;
SET row_security = off;

--
-- Name: public; Type: SCHEMA; Schema: -; Owner: avnadmin
--

CREATE SCHEMA public;


ALTER SCHEMA public OWNER TO avnadmin;

--
-- Name: SCHEMA public; Type: COMMENT; Schema: -; Owner: avnadmin
--

COMMENT ON SCHEMA public IS 'standard public schema';


--
-- Name: set_current_timestamp_updated_at(); Type: FUNCTION; Schema: public; Owner: avnadmin
--

CREATE FUNCTION public.set_current_timestamp_updated_at() RETURNS trigger
    LANGUAGE plpgsql
    AS $$
declare
  _new record;
begin
  _new := new;
  _new. "updated_at" = now();
  return _new;
end;
$$;


ALTER FUNCTION public.set_current_timestamp_updated_at() OWNER TO avnadmin;

SET default_tablespace = '';

SET default_table_access_method = heap;

--
-- Name: accounts; Type: TABLE; Schema: public; Owner: avnadmin
--

CREATE TABLE public.accounts (
    email text,
    id integer NOT NULL,
    name text,
    smazano boolean DEFAULT false NOT NULL
);


ALTER TABLE public.accounts OWNER TO avnadmin;

--
-- Name: COLUMN accounts.smazano; Type: COMMENT; Schema: public; Owner: avnadmin
--

COMMENT ON COLUMN public.accounts.smazano IS 'deleted';


--
-- Name: campaign_dismissals; Type: TABLE; Schema: public; Owner: avnadmin
--

CREATE TABLE public.campaign_dismissals (
    campaign_id integer NOT NULL,
    account_id integer NOT NULL
);


ALTER TABLE public.campaign_dismissals OWNER TO avnadmin;

--
-- Name: campaign_notifications; Type: TABLE; Schema: public; Owner: avnadmin
--

CREATE TABLE public.campaign_notifications (
    campaign_id integer NOT NULL,
    id integer NOT NULL,
    content text NOT NULL,
    confirmed boolean DEFAULT false NOT NULL,
    read boolean DEFAULT false NOT NULL,
    account_id integer NOT NULL,
    ts timestamp with time zone DEFAULT CURRENT_TIMESTAMP
);


ALTER TABLE public.campaign_notifications OWNER TO avnadmin;

--
-- Name: campaign_notifications_id_seq; Type: SEQUENCE; Schema: public; Owner: avnadmin
--

ALTER TABLE public.campaign_notifications ALTER COLUMN id ADD GENERATED ALWAYS AS IDENTITY (
    SEQUENCE NAME public.campaign_notifications_id_seq
    START WITH 1
    INCREMENT BY 1
    NO MINVALUE
    NO MAXVALUE
    CACHE 1
);


--
-- Name: campaigns; Type: TABLE; Schema: public; Owner: avnadmin
--

CREATE TABLE public.campaigns (
    maintainer_id integer,
    title text,
    description text,
    id integer NOT NULL,
    cause_id integer,
    suggested_highest_threshold bigint DEFAULT '8000000000'::bigint NOT NULL,
    suggested_lowest_threshold bigint DEFAULT '1'::bigint,
    suggested_optimal_threshold bigint DEFAULT '10'::bigint NOT NULL,
    smazano boolean DEFAULT false NOT NULL,
    stealth boolean DEFAULT false NOT NULL,
    uri text,
    twitter_tag text
);


ALTER TABLE public.campaigns OWNER TO avnadmin;

--
-- Name: campaigns_id_seq; Type: SEQUENCE; Schema: public; Owner: avnadmin
--

ALTER TABLE public.campaigns ALTER COLUMN id ADD GENERATED BY DEFAULT AS IDENTITY (
    SEQUENCE NAME public.campaigns_id_seq
    START WITH 1
    INCREMENT BY 1
    NO MINVALUE
    NO MAXVALUE
    CACHE 1
);


--
-- Name: causes; Type: TABLE; Schema: public; Owner: avnadmin
--

CREATE TABLE public.causes (
    id integer NOT NULL,
    title text DEFAULT ''::text NOT NULL,
    description text DEFAULT ''::text NOT NULL,
    maintainer_id integer NOT NULL
);


ALTER TABLE public.causes OWNER TO avnadmin;

--
-- Name: causes_id_seq; Type: SEQUENCE; Schema: public; Owner: avnadmin
--

ALTER TABLE public.causes ALTER COLUMN id ADD GENERATED ALWAYS AS IDENTITY (
    SEQUENCE NAME public.causes_id_seq
    START WITH 1
    INCREMENT BY 1
    NO MINVALUE
    NO MAXVALUE
    CACHE 1
);


--
-- Name: participations; Type: TABLE; Schema: public; Owner: avnadmin
--

CREATE TABLE public.participations (
    id integer NOT NULL,
    account_id integer NOT NULL,
    campaign_id integer NOT NULL,
    threshold integer NOT NULL,
    condition_is_fulfilled boolean DEFAULT false NOT NULL,
    confirmed boolean DEFAULT false NOT NULL
);


ALTER TABLE public.participations OWNER TO avnadmin;

--
-- Name: participation_id_seq; Type: SEQUENCE; Schema: public; Owner: avnadmin
--

ALTER TABLE public.participations ALTER COLUMN id ADD GENERATED ALWAYS AS IDENTITY (
    SEQUENCE NAME public.participation_id_seq
    START WITH 1
    INCREMENT BY 1
    NO MINVALUE
    NO MAXVALUE
    CACHE 1
);


--
-- Name: users; Type: TABLE; Schema: public; Owner: avnadmin
--

CREATE TABLE public.users (
    id uuid DEFAULT gen_random_uuid() NOT NULL,
    created_at timestamp with time zone DEFAULT now() NOT NULL,
    updated_at timestamp with time zone DEFAULT now() NOT NULL,
    display_name text,
    avatar_url text
);


ALTER TABLE public.users OWNER TO avnadmin;

--
-- Name: users_id_seq; Type: SEQUENCE; Schema: public; Owner: avnadmin
--

ALTER TABLE public.accounts ALTER COLUMN id ADD GENERATED ALWAYS AS IDENTITY (
    SEQUENCE NAME public.users_id_seq
    START WITH 1
    INCREMENT BY 1
    NO MINVALUE
    NO MAXVALUE
    CACHE 1
);


--
-- Name: verified_user_authentications; Type: TABLE; Schema: public; Owner: avnadmin
--

CREATE TABLE public.verified_user_authentications (
    account_id integer NOT NULL,
    provider text NOT NULL,
    login_name text NOT NULL
);


ALTER TABLE public.verified_user_authentications OWNER TO avnadmin;

--
-- Data for Name: accounts; Type: TABLE DATA; Schema: public; Owner: avnadmin
--

COPY public.accounts (email, id, name, smazano) FROM stdin;
\N	416	positive_tan	f
user1@example.com	52	@#$#@#@	t
user1@example.com	53	35454srttsratsra	t
person1@example.com	3	rrstarst	t
person2@example.com	4	rstraraartssr	t
\N	420	gradual_moccasin	f
\N	423	fortunate_copper	f
\N	426	depressed_lavender	f
\N	429	large_harlequin	f
\N	432	energetic_chocolate	f
\N	435	gothic_amethyst	f
\N	438	likely_magenta	f
\N	441	live_pink	f
\N	444	contemporary_amber	f
\N	447	beneficial_moccasin	f
user1@example.com	16	user1qqqqqqqq	f
user1@example.com	17	user1607719691347	f
user1@example.com	18	user1607719701419	f
user1@example.com	19	user1607719705001	f
user1@example.com	20	user1607719715813	f
user1@example.com	21	user1607719770984	f
user1@example.com	22	user1607719776174	f
user1@example.com	23	user1607719786760	f
user1@example.com	24	user1607719788648	f
user1@example.com	25	user1607721603757	f
user1@example.com	26	user1607723957176	f
user1@example.com	27	user1607723971483	f
user1@example.com	28	user1607723973847	f
user1@example.com	29	user1607724266177	f
user1@example.com	30	user1607724272135	f
user1@example.com	31	user1607724723735	f
user1@example.com	32	user1607728724473	f
user1@example.com	33	user1607728759226	f
user1@example.com	34	user1607728760096	f
user1@example.com	35	user1607729065018	f
user1@example.com	36	user1607729095380	f
user1@example.com	37	user1607729097211	f
user1@example.com	38	user1607729102605	f
user1@example.com	39	user1607729104589	f
user1@example.com	40	user1607729107346	f
user1@example.com	41	user1607729114785	f
user1@example.com	42	user1607729115759	f
user1@example.com	43	user1607729118287	f
user1@example.com	44	user1607742270398	f
user1@example.com	45	user1607742287590	f
user1@example.com	46	user1607749719644	f
user1@example.com	47	user1607781775256	f
user1@example.com	48	user1607792795763	f
user1@example.com	49	user1607824593907	f
user1@example.com	50	user1607895754515	f
user1@example.com	51	user1607913533374	f
user1@example.com	54	user1607917255777	f
kokoko@kokoko	1	peter	f
aiaiai@aiaiai	2	sweter	f
person3@example.com	5	aaarar	f
person4@example.com	6	ffwffwf	f
person5@example.com	7	ffststs	f
person6@example.com	8	rsrsrsr	f
person7@example.com	9	aaaaara	f
person8@example.com	10	rwsswf#fffff	f
person9@example.com	11	rsaarsra	f
person10@example.com	12	stst54	f
user1@example.com	13	user1stft4	f
user1@example.com	55	user1607919301942	f
user1@example.com	56	user1607919435241	f
user1@example.com	57	user1607951392155	f
user1@example.com	58	user1607951415531	f
user1@example.com	59	user1607951420779	f
user1@example.com	60	user1607962492011	f
\N	450	separate_indigo	f
\N	453	cautious_beige	f
\N	456	real_silver	f
\N	459	friendly_orange	f
\N	462	appalling_purple	f
\N	465	ideological_tomato	f
\N	468	nuclear_emerald	f
\N	471	controversial_copper	f
\N	474	ordinary_red	f
\N	476	attractive_copper	f
\N	477	passive_amaranth	f
\N	478	many_cyan	f
\N	480	quick_sapphire	f
\N	482	convenient_coffee	f
\N	484	wonderful_harlequin	f
\N	486	above_orange	f
\N	488	wide_purple	f
\N	489	alert_amethyst	f
\N	491	unusual_indigo	f
\N	492	rough_magenta	f
\N	494	foreign_lime	f
\N	496	content_tomato	f
\N	498	striped_jade	f
\N	500	crazy_purple	f
\N	502	deafening_gray	f
\N	504	exceptional_olive	f
\N	506	sticky_azure	f
\N	508	added_harlequin	f
\N	510	ordinary_coffee	f
\N	512	colorful_lime	f
\N	514	balanced_crimson	f
\N	516	productive_amber	f
\N	518	shivering_amethyst	f
\N	520	just_coral	f
\N	522	indian_crimson	f
\N	524	governing_copper	f
\N	526	nasty_peach	f
\N	528	modest_lime	f
\N	530	mobile_chocolate	f
\N	532	cheap_lavender	f
\N	417	underlying_turquoise	f
\N	421	embarrassed_apricot	f
\N	424	dramatic_olive	f
\N	427	blonde_turquoise	f
\N	430	bored_lime	f
\N	433	encouraging_indigo	f
\N	436	fierce_indigo	f
\N	439	international_magenta	f
\N	442	molecular_harlequin	f
\N	445	equivalent_white	f
\N	448	retail_harlequin	f
\N	451	sporting_moccasin	f
\N	454	clever_yellow	f
\N	457	close_violet	f
\N	460	great_maroon	f
\N	463	shy_purple	f
\N	466	junior_chocolate	f
\N	469	minimal_lavender	f
\N	472	beautiful_lime	f
\N	198	enene	f
\N	199	partial_chocolate_vole	f
\N	200	eldest_plum_kiwi	f
\N	201	asian_green_moth	f
\N	202	liberal_yellow_cat	f
\N	203	binding_indigo_pinniped	f
\N	204	territorial_amethyst_horse	f
\N	205	crucial_amethyst_shark	f
\N	206	overall_white_constrictor	f
\N	207	poised_gray_anglerfish	f
\N	208	awake_green_sheep	f
\N	209	coming_violet_albatross	f
\N	210	minimal_sapphire_silverfish	f
\N	211	agreed_moccasin_lynx	f
\N	212	involved_harlequin_swordtail	f
\N	213	bitter_gray_pelican	f
\N	214	acceptable_purple_stork	f
\N	215	handsome_fuchsia_bobcat	f
\N	216	just_emerald_badger	f
\N	217	tasty_turquoise_antlion	f
\N	218	devoted_ivory_prawn	f
\N	219	standard_magenta_cat	f
\N	220	ultimate_crimson_elk	f
\N	221	rare_harlequin_tyrannosaurus	f
\N	222	black_coffee_pig	f
\N	223	whispering_blush_albatross	f
\N	224	spectacular_olive_hookworm	f
\N	225	monthly_plum_walrus	f
\N	226	valid_brown_constrictor	f
\N	227	intense_amethyst_shrew	f
\N	228	like_orange_horse	f
\N	229	rough_olive_newt	f
\N	230	mild_sapphire_firefly	f
\N	231	fiscal_jade_seahorse	f
\N	232	remaining_chocolate_peafowl	f
\N	233	tart_azure_hippopotamus	f
\N	234	public_tomato_sailfish	f
\N	235	statistical_amaranth_gopher	f
\N	236	terrible_orange_crayfish	f
\N	237	shaggy_pink_chipmunk	f
\N	238	happy_white_platypus	f
\N	239	probable_harlequin_kiwi	f
\N	240	head_olive_capybara	f
\N	241	wasteful_coffee_bovid	f
\N	242	sick_tomato_ox	f
\N	243	notable_magenta	f
\N	244	magnetic_pink	f
\N	245	disastrous_olive	f
\N	246	primary_blush	f
\N	247	italian_aquamarine	f
\N	248	magnificent_azure	f
\N	249	tame_maroon	f
\N	250	real_red	f
\N	251	used_sapphire	f
\N	252	quick_aqua	f
\N	253	crooked_coral	f
\N	254	innocent_aquamarine	f
\N	255	present_cyan	f
\N	256	blonde_violet	f
\N	257	bloody_aquamarine	f
\N	258	continuing_purple	f
\N	259	responsible_coral	f
\N	260	regulatory_tomato	f
\N	261	creative_gray	f
\N	262	painful_red	f
\N	264	occasional_coffee	f
\N	265	elaborate_brown	f
\N	266	agricultural_maroon	f
\N	267	safe_coral	f
\N	268	known_turquoise	f
\N	269	quick_white	f
\N	270	roman_salmon	f
\N	271	loud_azure	f
\N	272	perfect_lavender	f
\N	273	dominant_aquamarine	f
\N	274	obnoxious_white	f
\N	275	surprising_lime	f
\N	276	tall_olive	f
\N	277	fit_cyan	f
\N	278	contemporary_aquamarine	f
\N	279	evident_emerald	f
\N	280	abstract_tan	f
\N	281	abundant_tan	f
\N	282	empirical_teal	f
\N	283	dear_gold	f
\N	284	favourite_rose	f
\N	285	straightforward_rose	f
\N	286	smooth_tomato	f
\N	287	applicable_sapphire	f
\N	288	purring_lavender	f
\N	289	ordinary_cyan	f
\N	290	grieving_crimson	f
\N	291	inherent_blue	f
\N	292	linguistic_orange	f
\N	293	mild_green	f
\N	294	ambitious_silver	f
\N	295	likely_azure	f
\N	296	modern_peach	f
\N	297	light_aquamarine	f
\N	298	zany_green	f
\N	299	rude_scarlet	f
\N	300	exciting_tomato	f
\N	301	fair_moccasin	f
\N	302	coming_tan	f
\N	303	nutritious_violet_ox	f
\N	304	violent_pink_ape	f
\N	305	tory_aqua_marsupial	f
\N	306	concerned_rose_minnow	f
\N	307	mature_orange	f
\N	308	reluctant_teal	f
\N	309	squealing_harlequin	f
\N	310	splendid_fuchsia	f
\N	311	round_harlequin	f
\N	312	friendly_crimson	f
\N	313	successful_lavender	f
\N	314	accepted_pink	f
\N	315	coherent_maroon	f
\N	316	eastern_cyan	f
\N	317	keen_turquoise	f
\N	318	successful_aquamarine	f
\N	319	liable_cyan	f
\N	320	clean_lavender	f
\N	321	satisfied_salmon	f
\N	322	optimistic_teal	f
\N	323	noisy_teal	f
\N	324	shared_lavender	f
\N	325	possible_blush	f
\N	326	abstract_yellow	f
\N	327	linguistic_salmon	f
\N	328	rare_sapphire	f
\N	329	following_lime	f
\N	330	scary_yellow	f
\N	168	\N	t
\N	331	significant_silver	f
\N	332	white_olive	f
\N	333	liable_white	f
\N	334	sure_amber	f
\N	335	diplomatic_peach	f
\N	336	worthy_apricot	f
\N	337	disappointed_azure	f
\N	338	short_silver	f
\N	339	spanish_teal	f
\N	340	plain_blue	f
\N	341	sheer_jade	f
\N	342	teenage_tan	f
\N	343	lovely_scarlet	f
\N	344	okay_salmon	f
\N	345	adorable_purple	f
\N	346	stale_cyan	f
\N	347	miserable_aqua	f
\N	348	warm_copper	f
\N	349	mean_aqua	f
\N	350	brainy_bronze	f
\N	351	experimental_sapphire	f
\N	352	prickly_copper	f
\N	353	foreign_fuchsia	f
\N	354	stormy_maroon	f
\N	355	working_yellow	f
\N	356	bad_coffee	f
\N	357	select_white	f
\N	358	roman_orange	f
\N	359	silly_white	f
\N	360	electric_azure	f
\N	361	above_magenta	f
\N	362	average_pink	f
\N	363	subsequent_rose	f
\N	364	thorough_red	f
\N	365	flat_beige	f
\N	366	involved_olive	f
\N	367	considerable_olive	f
\N	368	passing_black	f
\N	369	gradual_coffee	f
\N	370	flat_lime	f
\N	371	spare_silver	f
\N	372	head_maroon	f
\N	373	repulsive_purple	f
\N	374	recent_coral	f
\N	375	tense_aquamarine	f
\N	376	evolutionary_aquamarine	f
\N	377	provincial_turquoise	f
\N	378	delightful_peach	f
\N	379	long_amber	f
\N	380	legislative_tomato	f
\N	381	civilian_maroon	f
\N	382	opposite_rose	f
\N	383	lively_jade	f
\N	384	puzzled_teal	f
\N	385	sweet_rose	f
\N	386	holy_coffee	f
\N	387	dusty_harlequin	f
\N	388	alert_violet	f
\N	389	renewed_crimson	f
\N	390	double_turquoise	f
\N	391	screeching_crimson	f
\N	392	arbitrary_green	f
\N	393	raw_apricot	f
\N	394	tory_blush	f
\N	395	impressive_blue	f
\N	396	embarrassing_amethyst	f
\N	397	christian_coral	f
\N	398	impossible_gold	f
\N	399	autonomous_amaranth	f
\N	400	eager_rose	f
\N	401	arbitrary_orange	f
\N	402	numerous_purple	f
\N	403	liable_ivory	f
\N	404	sensible_amethyst	f
\N	405	worried_pink	f
\N	406	public_coral	f
\N	407	dry_coffee	f
\N	408	chinese_white	f
\N	409	low_cyan	f
\N	410	tory_white	f
\N	411	courageous_teal	f
\N	412	petite_harlequin	f
\N	413	massive_indigo	f
\N	414	open_crimson	f
\N	415	weird_magenta	f
\N	61	\N	t
\N	62	\N	t
\N	63	\N	t
\N	64	\N	t
\N	65	\N	t
\N	66	\N	t
\N	67	\N	t
\N	68	\N	t
\N	69	\N	t
\N	70	\N	t
\N	71	\N	t
\N	72	\N	t
\N	73	\N	t
\N	74	\N	t
\N	75	\N	t
\N	76	\N	t
\N	77	\N	t
\N	78	\N	t
\N	79	\N	t
\N	80	\N	t
\N	81	\N	t
\N	82	\N	t
\N	83	\N	t
\N	84	\N	t
\N	85	\N	t
\N	86	\N	t
\N	87	\N	t
\N	88	\N	t
\N	89	\N	t
\N	90	\N	t
\N	91	\N	t
\N	92	\N	t
\N	93	\N	t
\N	94	\N	t
\N	95	\N	t
\N	96	\N	t
\N	97	\N	t
\N	98	\N	t
\N	99	\N	t
\N	100	\N	t
\N	101	\N	t
\N	102	\N	t
\N	103	\N	t
\N	104	\N	t
\N	105	\N	t
\N	106	\N	t
\N	107	\N	t
\N	108	\N	t
\N	109	\N	t
\N	110	\N	t
\N	111	\N	t
\N	112	\N	t
\N	113	\N	t
\N	114	\N	t
\N	115	\N	t
\N	116	\N	t
\N	117	\N	t
\N	118	\N	t
\N	119	\N	t
\N	120	\N	t
\N	121	\N	t
\N	122	\N	t
\N	123	\N	t
\N	124	\N	t
\N	125	\N	t
\N	126	\N	t
\N	127	\N	t
\N	128	\N	t
\N	129	\N	t
\N	130	\N	t
\N	131	\N	t
\N	132	\N	t
\N	133	\N	t
\N	134	\N	t
\N	135	\N	t
\N	136	\N	t
\N	137	\N	t
\N	138	\N	t
\N	139	\N	t
\N	140	\N	t
\N	141	\N	t
\N	142	\N	t
\N	143	\N	t
\N	144	\N	t
\N	145	\N	t
\N	146	\N	t
\N	147	\N	t
\N	148	\N	t
\N	149	\N	t
\N	150	\N	t
\N	151	\N	t
\N	152	\N	t
\N	153	\N	t
\N	154	\N	t
\N	155	\N	t
\N	156	\N	t
\N	157	\N	t
\N	158	\N	t
\N	159	\N	t
\N	160	\N	t
\N	161	\N	t
\N	162	\N	t
\N	163	\N	t
\N	164	\N	t
\N	165	\N	t
\N	166	\N	t
\N	167	\N	t
\N	169	\N	t
\N	170	\N	t
\N	171	\N	t
\N	172	\N	t
\N	173	\N	t
\N	174	\N	t
\N	175	\N	t
\N	176	\N	t
\N	177	\N	t
\N	178	\N	t
\N	179	\N	t
\N	180	\N	t
\N	181	\N	t
\N	182	\N	t
\N	183	\N	t
\N	184	\N	t
\N	185	\N	t
\N	186	\N	t
\N	187	\N	t
\N	188	\N	t
\N	189	\N	t
\N	190	\N	t
\N	191	\N	t
\N	193	\N	t
\N	194	\N	t
\N	195	\N	t
\N	196	\N	t
\N	197	\N	t
\N	418	low_amaranth	f
\N	419	thorough_scarlet	f
\N	422	calm_orange	f
\N	425	round_gold	f
\N	428	minor_amethyst	f
\N	431	isolated_amaranth	f
\N	434	dramatic_maroon	f
\N	437	alternative_fuchsia	f
\N	440	shaggy_cyan	f
\N	443	provincial_blue	f
\N	446	colorful_indigo	f
\N	449	certain_magenta	f
\N	452	final_coral	f
\N	455	involved_yellow	f
\N	458	kind_rose	f
\N	461	shared_olive	f
\N	464	careful_rose	f
\N	467	incredible_amber	f
\N	470	indian_gray	f
\N	473	novel_fuchsia	f
\N	475	defensive_black	f
\N	479	crucial_chocolate	f
\N	481	heavy_silver	f
\N	483	permanent_green	f
\N	485	voluntary_silver	f
\N	487	unfair_aqua	f
\N	490	strange_ivory	f
\N	493	hushed_jade	f
\N	495	loud_white	f
\N	497	wooden_amber	f
\N	499	evil_coral	f
\N	501	inadequate_peach	f
\N	503	wonderful_copper	f
\N	505	quaint_coffee	f
\N	507	average_maroon	f
\N	509	comfortable_violet	f
\N	511	brainy_silver	f
\N	513	determined_fuchsia	f
\N	515	gigantic_crimson	f
\N	517	above_gray	f
\N	519	inclined_aquamarine	f
\N	521	dirty_amethyst	f
\N	523	olympic_sapphire	f
\N	525	progressive_fuchsia	f
\N	527	democratic_coffee	f
\N	529	creative_emerald	f
\N	531	american_maroon	f
\N	1001	conventional_sapphire	f
\N	1002	fashionable_harlequin	f
\N	1003	preferred_tomato	f
\N	1004	homely_harlequin	f
\N	1005	relevant_magenta	f
\N	1006	big_brown	f
\N	1007	afraid_fuchsia	f
\N	1008	random_lime	f
\N	1009	eventual_plum	f
\N	1010	worldwide_apricot	f
\N	1011	rotten_black	f
\N	1012	short_copper	f
\N	1013	satisfactory_green	f
\N	1014	intermediate_yellow	f
\N	1015	misty_pink	f
\N	1016	magnificent_lime	f
\N	1017	crazy_moccasin	f
\N	1018	historical_maroon	f
\N	1019	precious_salmon	f
\N	1020	enthusiastic_indigo	f
\N	1021	similar_rose	f
\N	1022	flexible_amaranth	f
\N	1023	noisy_tan	f
\N	1024	public_purple	f
\N	1025	tall_blue	f
\N	1026	male_azure	f
\N	1027	random_aqua	f
\N	1028	easy_black	f
\N	1029	distinctive_amaranth	f
kolmanjindrich5@gmail.com	192	\N	f
\N	1030	liquid_gray	f
\N	1031	uneven_blue	f
\N	1032	tough_chocolate	f
\N	1033	hidden_gold	f
\N	1034	late_fuchsia	f
\N	1035	friendly_amaranth	f
\N	1036	gentle_green	f
\N	1037	persistent_blue	f
\N	1038	rapid_emerald	f
\N	1039	skilled_blue	f
\N	1040	brief_green	f
\N	1041	relevant_beige	f
\N	1042	instant_black	f
\N	1043	wide_moccasin	f
\N	1044	gay_lavender	f
\N	1045	balanced_teal	f
\N	1046	superb_violet	f
\N	1047	mad_lavender	f
\N	1048	cold_indigo	f
\N	1049	stupid_tomato	f
\N	1050	fierce_purple	f
\N	1051	vivacious_ivory	f
\N	1052	tall_gray	f
\N	1053	everyday_gray	f
\N	1054	kind_teal	f
\N	1055	careful_ivory	f
\N	1056	lucky_bronze	f
\N	1057	sophisticated_scarlet	f
\N	1058	surrounding_gold	f
\N	1059	resulting_lavender	f
\N	1060	vague_gray	f
\N	1061	mobile_harlequin	f
\N	1062	embarrassed_beige	f
\N	1063	filthy_purple	f
\N	1064	perfect_tan	f
\N	1065	stale_indigo	f
\N	1066	funny_aqua	f
\N	1067	strict_pink	f
\N	1068	massive_crimson	f
\N	1069	sophisticated_tan	f
\N	1070	convinced_fuchsia	f
\N	1071	shallow_brown	f
\N	1072	promising_lavender	f
\N	1073	complex_aquamarine	f
\N	1074	numerous_aqua	f
\N	1075	sheer_aquamarine	f
\N	1076	bored_fuchsia	f
\N	1077	near_violet	f
\N	1078	smart_silver	f
\N	1079	eastern_copper	f
\N	1080	chinese_turquoise	f
\N	1081	superior_jade	f
\N	1082	immense_amethyst	f
\N	1083	fine_green	f
\N	1084	nasty_copper	f
\N	1085	orthodox_emerald	f
\N	1086	hidden_coral	f
\N	1087	narrow_coffee	f
\N	1088	modern_blue	f
\N	1089	fair_lavender	f
\N	1090	strange_gray	f
\N	1091	basic_moccasin	f
\N	1092	clever_sapphire	f
\N	1093	straight_ivory	f
\N	1094	selfish_aquamarine	f
\N	1095	brown_lavender	f
\N	1096	fatal_violet	f
\N	1097	conservative_amber	f
\N	1098	rigid_moccasin	f
\N	1099	beautiful_turquoise	f
\N	1100	fiscal_olive	f
\N	1101	provincial_yellow	f
\N	1102	brave_violet	f
\N	1103	exceptional_aquamarine	f
\N	1104	slight_olive	f
\N	1105	naked_cyan	f
\N	1106	happy_blush	f
\N	1107	rough_purple	f
\N	1108	international_chocolate	f
\N	1109	lazy_copper	f
\N	1110	contemporary_peach	f
\N	1111	coming_brown	f
\N	1112	acute_tomato	f
\N	1113	secret_indigo	f
\N	1114	working_coffee	f
\N	1115	heavy_moccasin	f
\N	1116	smooth_chocolate	f
\N	1117	innocent_purple	f
\N	1118	other_rose	f
\N	1119	impressive_purple	f
\N	1120	filthy_pink	f
\N	1121	jolly_amethyst	f
\N	1122	unwilling_cyan	f
\N	1123	novel_apricot	f
\N	1124	reasonable_maroon	f
\N	1125	moral_moccasin	f
\N	1126	sharp_crimson	f
\N	1127	favourite_black	f
\N	1128	unpleasant_rose	f
\N	1129	many_tomato	f
\N	1130	enormous_rose	f
\N	1131	eligible_rose	f
\N	1132	dark_olive	f
\N	1133	rolling_amethyst	f
\N	1134	slippery_ivory	f
\N	1135	disabled_green	f
\N	1136	established_brown	f
\N	1137	slimy_amaranth	f
\N	1138	encouraging_aquamarine	f
\N	1139	fast_fuchsia	f
\N	1140	proud_harlequin	f
\N	1141	determined_cyan	f
\N	1142	accused_lavender	f
\N	1143	faithful_peach	f
\N	1144	harsh_silver	f
\N	1145	pink_blue	f
\N	1146	mean_green	f
\N	1147	arrogant_indigo	f
\N	1148	supposed_gray	f
\N	1149	brief_jade	f
\N	1150	ashamed_rose	f
\N	1151	slow_turquoise	f
\N	1152	conceptual_azure	f
\N	1153	doubtful_green	f
\N	1154	compatible_rose	f
\N	1155	accepted_green	f
\N	1156	patient_ivory	f
\N	1157	evil_crimson	f
\N	1158	inherent_maroon	f
\N	1159	depressed_harlequin	f
\N	1160	adjacent_silver	f
\N	1161	big_white	f
\N	1162	yummy_apricot	f
\N	1163	preferred_sapphire	f
\N	1164	helpful_salmon	f
\N	1165	happy_turquoise	f
\N	1166	far_pink	f
\N	1167	curious_olive	f
\N	1168	prior_black	f
\N	1169	handsome_aqua	f
\N	1170	favourite_coral	f
\N	1171	tart_olive	f
\N	1172	secure_silver	f
\N	1173	electric_harlequin	f
\N	1174	awful_white	f
\N	1175	flaky_crimson	f
\N	1176	mighty_olive	f
\N	1177	frightened_fuchsia	f
\N	1178	eldest_silver	f
\N	1179	french_harlequin	f
\N	1180	necessary_chocolate	f
\N	1181	civic_green	f
\N	1183	subtle_green	f
\N	1184	combative_plum	f
\N	1185	just_crimson	f
\N	1186	visual_fuchsia	f
\N	1187	moaning_salmon	f
\N	1188	tall_peach	f
\N	1189	surprising_tomato	f
\N	1190	social_rose	f
\N	1191	existing_emerald	f
\N	1192	watery_aqua	f
\N	1193	fine_silver	f
\N	1194	instant_plum	f
\N	1195	used_yellow	f
\N	1196	unpleasant_black	f
\N	1197	green_tan	f
\N	1198	necessary_salmon	f
\N	1199	wrong_peach	f
\N	1200	chilly_orange	f
\N	1201	global_gold	f
\N	1202	bright_chocolate	f
\N	1203	negative_silver	f
\N	1204	firm_amber	f
\N	1205	specific_magenta	f
\N	1207	prospective_coffee	f
\N	1208	awful_rose	f
\N	1209	easy_ivory	f
\N	1210	wealthy_chocolate	f
\N	1211	low_chocolate	f
\N	1212	sole_chocolate	f
\N	1213	genuine_olive	f
\N	1214	violent_scarlet	f
\N	1215	moderate_gold	f
\N	1216	reasonable_chocolate	f
\.


--
-- Data for Name: campaign_dismissals; Type: TABLE DATA; Schema: public; Owner: avnadmin
--

COPY public.campaign_dismissals (campaign_id, account_id) FROM stdin;
1	10
2	125
1	125
21	4
1	129
1	138
1	5
1	2
2	2
11	2
1	139
1	9
2	9
1	142
1	144
2	144
11	144
14	144
16	144
17	144
18	144
19	144
1	150
1	151
1	152
2	152
11	152
14	152
1	154
2	156
11	156
14	156
1	157
1	158
1	160
2	160
1	162
11	163
14	163
19	3
24	3
1	165
1	166
2	1
11	1
14	1
1	1
2	3
11	3
14	3
16	3
17	3
18	3
21	3
25	3
1	3
22	3
20	3
1	28
2	28
11	28
14	28
16	28
17	28
16	58
17	58
19	58
17	1
19	1
20	1
21	1
22	1
23	1
24	1
25	1
18	1
16	1
11	181
14	181
1	58
2	58
11	58
1	199
25	192
24	192
23	192
1	211
2	217
28	216
27	216
26	216
29	216
23	218
23	219
26	1
21	415
14	415
50	443
103	192
11	192
54	192
48	1064
60	1145
68	1164
\.


--
-- Data for Name: campaign_notifications; Type: TABLE DATA; Schema: public; Owner: avnadmin
--

COPY public.campaign_notifications (campaign_id, id, content, confirmed, read, account_id, ts) FROM stdin;
1	2	blabla	f	f	1	2020-12-16 02:46:19.056502+00
11	12	Yo! "Baltimore Open Legislation" just reached your defined critical mass of 6! Start acting now!	f	f	16	2020-12-16 02:48:57.843579+00
13	13	Yo! "" just reached your defined critical mass of 1! Start acting now!	f	f	55	2020-12-16 02:50:01.233945+00
11	14	Yo! "Baltimore Open Legislation" just reached your defined critical mass of 5! Start acting now!	f	f	1	2020-12-16 02:50:48.689216+00
11	15	Yo! "Baltimore Open Legislation" just reached your defined critical mass of 6! Start acting now!	f	f	16	2020-12-16 02:51:05.008805+00
11	16	Yo! "Baltimore Open Legislation" just reached your defined critical mass of 10! Start acting now!	f	f	55	2020-12-16 02:51:21.295236+00
1	17	Yo! "boycott Yoghurts International LLC" just reached your defined critical mass of 2! Start acting now!	f	f	1	2020-12-16 03:12:05.109868+00
1	18	Yo! "boycott Yoghurts International LLC" just un-reached your defined critical mass of 222! Go back home now, it's pointless!	f	f	1	2020-12-16 03:28:08.585829+00
1	19	Yo! "boycott Yoghurts International LLC" just reached your defined critical mass of 2! Start acting now!	f	f	1	2020-12-16 03:30:13.56475+00
13	20	Yo! "" just reached your defined critical mass of 1! Start acting now!	f	f	60	2020-12-16 12:47:44.811715+00
11	21	Yo! "Baltimore Open Legislation" just reached your defined critical mass of 1! Start acting now!	f	f	60	2020-12-16 13:15:06.436237+00
11	22	Yo! "Baltimore Open Legislation" just reached your defined critical mass of 5! Start acting now!	f	f	1	2020-12-16 13:15:25.202714+00
11	23	Yo! "Baltimore Open Legislation" just reached your defined critical mass of 6! Start acting now!	f	f	16	2020-12-16 13:15:41.500789+00
1	24	Yo! "boycott Yoghurts International LLC" just un-reached your defined critical mass of 222! Go back home now, it's pointless!	f	f	1	2020-12-18 00:41:58.62829+00
1	25	Yo! "boycott Yoghurts International LLC" just reached your defined critical mass of 3! Start acting now!	f	f	1	2020-12-18 00:42:14.886732+00
11	26	Yo! "Baltimore Open Legislation" just un-reached your defined critical mass of 6! Go back home now, it's pointless!	f	f	16	2020-12-18 00:51:38.906726+00
14	27	Yo! "Boycott Air France" just reached your defined critical mass of 1! Start acting now!	f	f	16	2020-12-18 00:55:18.427035+00
2	28	Yo! "campaign 2" just reached your defined critical mass of 3! Start acting now!	f	f	1	2020-12-22 00:21:44.316854+00
2	29	Yo! "campaign 2" just reached your defined critical mass of 1! Start acting now!	f	f	43	2021-01-01 19:15:58.479031+00
2	30	Yo! "campaign 2" just reached your defined critical mass of 1! Start acting now!	f	f	48	2021-01-01 19:16:14.753664+00
2	31	Yo! "campaign 2" just reached your defined critical mass of 1! Start acting now!	f	f	57	2021-01-01 19:16:46.367187+00
2	32	Yo! "campaign 2" just reached your defined critical mass of 1! Start acting now!	f	f	45	2021-01-01 19:17:18.393812+00
2	33	Yo! "campaign 2" just reached your defined critical mass of 1! Start acting now!	f	f	31	2021-01-01 19:17:34.64298+00
2	34	Yo! "campaign 2" just reached your defined critical mass of 10! Start acting now!	f	f	60	2021-01-01 19:17:50.924527+00
2	35	Yo! "campaign 2" just reached your defined critical mass of 1! Start acting now!	f	f	24	2021-01-01 19:18:07.253598+00
2	36	Yo! "campaign 2" just reached your defined critical mass of 12! Start acting now!	f	f	4	2021-01-01 19:18:39.060171+00
11	37	Yo! "Baltimore Open Legislation" just reached your defined critical mass of 1! Start acting now!	f	f	53	2021-01-10 02:58:27.036298+00
2	38	Yo! "campaign 2" just reached your defined critical mass of 11! Start acting now!	f	f	53	2021-01-10 04:32:43.328896+00
1	39	Yo! "boycott Yoghurts International LLC" just reached your defined critical mass of 10! Start acting now!	f	f	7	2021-01-14 01:37:03.446875+00
2	40	Yo! "campaign 2" just reached your defined critical mass of 10! Start acting now!	f	f	7	2021-01-14 01:37:35.61139+00
11	41	Yo! "Baltimore Open Legislation" just reached your defined critical mass of 1! Start acting now!	f	f	7	2021-01-14 01:37:41.079055+00
2	42	Yo! "campaign 2" just reached your defined critical mass of 10! Start acting now!	f	f	7	2021-01-14 01:40:36.192043+00
2	43	Yo! "campaign 2" just un-reached your defined critical mass of 111! Go back home now, it's pointless!	f	f	7	2021-01-14 01:46:10.652293+00
1	44	Yo! "boycott Yoghurts International LLC" just reached your defined critical mass of 10! Start acting now!	f	f	7	2021-01-14 02:11:18.557883+00
1	45	Yo! "boycott Yoghurts International LLC" just un-reached your defined critical mass of 100! Go back home now, it's pointless!	f	f	7	2021-01-17 05:24:54.702648+00
14	46	Yo! "Boycott Air France" just reached your defined critical mass of 1! Start acting now!	f	f	7	2021-01-17 05:25:37.798173+00
14	47	Yo! "Boycott Air France" just un-reached your defined critical mass of 100000! Go back home now, it's pointless!	f	f	7	2021-01-17 05:25:49.670451+00
1	48	Yo! "boycott Yoghurts International LLC" just reached your defined critical mass of 10! Start acting now!	f	f	1	2021-01-17 05:52:20.605661+00
1	49	Yo! "boycott Yoghurts International LLC" just reached your defined critical mass of 10! Start acting now!	f	f	2	2021-01-17 05:53:03.634337+00
1	50	Yo! "boycott Yoghurts International LLC" just reached your defined critical mass of 10! Start acting now!	f	f	143	2021-01-17 08:24:27.018163+00
1	51	Yo! "boycott Yoghurts International LLC" just reached your defined critical mass of 10! Start acting now!	f	f	150	2021-01-17 08:37:55.267717+00
11	52	Yo! "Baltimore Open Legislation" just reached your defined critical mass of 1! Start acting now!	f	f	151	2021-01-17 08:50:08.930051+00
11	53	Yo! "Baltimore Open Legislation" just un-reached your defined critical mass of 31! Go back home now, it's pointless!	f	f	151	2021-01-17 08:50:24.679279+00
11	54	Yo! "Baltimore Open Legislation" just reached your defined critical mass of 1! Start acting now!	f	f	151	2021-01-17 08:50:35.301103+00
2	55	Yo! "campaign 2" just reached your defined critical mass of 10! Start acting now!	f	f	151	2021-01-17 08:51:11.760394+00
1	56	Yo! "boycott Yoghurts International LLC" just reached your defined critical mass of 10! Start acting now!	f	f	152	2021-01-17 08:54:16.038892+00
1	57	Yo! "boycott Yoghurts International LLC" just reached your defined critical mass of 10! Start acting now!	f	f	156	2021-01-17 09:07:54.649945+00
2	58	Yo! "campaign 2" just reached your defined critical mass of 10! Start acting now!	f	f	157	2021-01-17 09:08:58.357792+00
1	59	Yo! "boycott Yoghurts International LLC" just reached your defined critical mass of 10! Start acting now!	f	f	158	2021-01-17 09:09:14.293827+00
1	60	Yo! "boycott Yoghurts International LLC" just reached your defined critical mass of 10! Start acting now!	f	f	159	2021-01-17 09:23:31.501091+00
24	61	Yo! "campaign1610875606256" just reached your defined critical mass of 1! Start acting now!	f	f	161	2021-01-17 09:27:22.734575+00
1	62	Yo! "boycott Yoghurts International LLC" just reached your defined critical mass of 10! Start acting now!	f	f	163	2021-01-17 09:34:28.978501+00
1	63	Yo! "boycott Yoghurts International LLC" just reached your defined critical mass of 10! Start acting now!	f	f	163	2021-01-17 09:34:51.354602+00
2	64	Yo! "campaign 2" just reached your defined critical mass of 10! Start acting now!	f	f	163	2021-01-17 09:34:56.972018+00
1	65	Yo! "boycott Yoghurts International LLC" just reached your defined critical mass of 10! Start acting now!	f	f	164	2021-01-17 15:43:07.833157+00
2	66	Yo! "campaign 2" just reached your defined critical mass of 10! Start acting now!	f	f	3	2021-01-17 16:51:09.136215+00
2	67	Yo! "campaign 2" just reached your defined critical mass of 10! Start acting now!	f	f	165	2021-01-18 23:46:57.3139+00
1	68	Yo! "boycott Yoghurts International LLC" just reached your defined critical mass of 10! Start acting now!	f	f	166	2021-01-19 00:12:03.550365+00
1	69	Yo! "boycott Yoghurts International LLC" just reached your defined critical mass of 10! Start acting now!	f	f	166	2021-01-19 00:15:40.425522+00
1	70	Yo! "boycott Yoghurts International LLC" just reached your defined critical mass of 10! Start acting now!	f	f	167	2021-01-19 02:09:42.933838+00
1	71	Yo! "boycott Yoghurts International LLC" just reached your defined critical mass of 10! Start acting now!	f	f	168	2021-01-19 02:10:34.640156+00
1	72	Yo! "boycott Yoghurts International LLC" just reached your defined critical mass of 10! Start acting now!	f	f	174	2021-01-19 02:49:27.115185+00
2	73	Yo! "campaign 2" just reached your defined critical mass of 10! Start acting now!	f	f	174	2021-01-19 02:49:33.412773+00
11	74	Yo! "Baltimore Open Legislation" just reached your defined critical mass of 1! Start acting now!	f	f	174	2021-01-19 02:49:39.721851+00
1	75	Yo! "boycott Yoghurts International LLC" just reached your defined critical mass of 10! Start acting now!	f	f	176	2021-01-19 02:53:15.969408+00
1	76	Yo! "boycott Yoghurts International LLC" just reached your defined critical mass of 10! Start acting now!	f	f	175	2021-01-21 11:01:08.128454+00
2	77	Yo! "campaign 2" just reached your defined critical mass of 10! Start acting now!	f	f	176	2021-01-21 11:01:14.734156+00
1	78	Yo! "boycott Yoghurts International LLC" just reached your defined critical mass of 10! Start acting now!	f	f	179	2021-01-21 11:42:02.226099+00
11	79	Yo! "Baltimore Open Legislation" just reached your defined critical mass of 1! Start acting now!	f	f	179	2021-01-21 12:02:35.699813+00
11	80	Yo! "Baltimore Open Legislation" just reached your defined critical mass of 10! Start acting now!	f	f	55	2021-01-21 12:02:41.96611+00
17	81	Yo! "campaign1610226405077" just reached your defined critical mass of 1! Start acting now!	f	f	179	2021-01-21 12:02:48.200414+00
19	82	Yo! "campaign1610308725533" just reached your defined critical mass of 1! Start acting now!	f	f	179	2021-01-21 12:02:54.375169+00
1	83	Yo! "boycott Yoghurts International LLC" just reached your defined critical mass of 10! Start acting now!	f	f	180	2021-01-21 12:12:22.374022+00
11	84	Yo! "Baltimore Open Legislation" just reached your defined critical mass of 1! Start acting now!	f	f	3	2021-01-21 13:17:08.411009+00
1	85	Yo! "boycott Yoghurts International LLC" just reached your defined critical mass of 22! Start acting now!	f	f	3	2021-01-21 13:18:05.740919+00
2	86	Yo! "campaign 2" just reached your defined critical mass of 10! Start acting now!	f	f	58	2021-01-22 01:17:55.269085+00
2	87	Yo! "campaign 2" just un-reached your defined critical mass of 100! Go back home now, it's pointless!	f	f	58	2021-01-22 01:18:07.002196+00
2	88	Yo! "campaign 2" just reached your defined critical mass of 10! Start acting now!	f	f	58	2021-01-22 01:18:24.43319+00
11	89	Yo! "Baltimore Open Legislation" just reached your defined critical mass of 1! Start acting now!	f	f	58	2021-01-22 01:18:37.379338+00
14	90	Yo! "Boycott Air France" just reached your defined critical mass of 1! Start acting now!	f	f	2	2021-01-23 02:31:30.114006+00
1	91	Yo! "boycott Yoghurts International LLC" just reached your defined critical mass of 10! Start acting now!	f	f	181	2021-01-23 03:08:21.457581+00
2	92	Yo! "campaign 2" just reached your defined critical mass of 10! Start acting now!	f	f	181	2021-01-23 03:08:38.708423+00
11	93	Yo! "Baltimore Open Legislation" just reached your defined critical mass of 1! Start acting now!	f	f	181	2021-01-23 03:09:08.608287+00
17	94	Yo! "campaign1610226405077" just reached your defined critical mass of 2! Start acting now!	f	f	66	2021-01-23 03:10:14.841954+00
1	95	Yo! "boycott Yoghurts International LLC" just reached your defined critical mass of 10! Start acting now!	f	f	66	2021-01-29 18:30:52.896726+00
1	96	Yo! "boycott Yoghurts International LLC" just reached your defined critical mass of 10! Start acting now!	f	f	195	2021-01-29 18:31:00.908591+00
1	97	Yo! "boycott Yoghurts International LLC" just reached your defined critical mass of 10! Start acting now!	f	f	192	2021-01-29 18:31:07.550237+00
1	98	Yo! "boycott Yoghurts International LLC" just reached your defined critical mass of 10! Start acting now!	f	f	196	2021-01-29 18:31:14.057618+00
1	99	Yo! "boycott Yoghurts International LLC" just reached your defined critical mass of 10! Start acting now!	f	f	194	2021-01-29 18:31:20.723607+00
2	100	Yo! "campaign 2" just reached your defined critical mass of 10! Start acting now!	f	f	192	2021-01-29 18:31:27.145285+00
11	101	Yo! "Baltimore Open Legislation" just reached your defined critical mass of 1! Start acting now!	f	f	192	2021-01-29 18:31:33.773769+00
11	102	Yo! "Baltimore Open Legislation" just reached your defined critical mass of 1! Start acting now!	f	f	193	2021-01-29 18:31:40.257938+00
1	103	Yo! "boycott Yoghurts International LLC" just reached your defined critical mass of 10! Start acting now!	f	f	199	2021-01-29 20:02:41.423777+00
1	104	Yo! "boycott Yoghurts International LLC" just reached your defined critical mass of 10! Start acting now!	f	f	199	2021-01-29 20:38:20.45995+00
1	105	Yo! "boycott Yoghurts International LLC" just reached your defined critical mass of 10! Start acting now!	f	f	199	2021-01-29 20:38:32.455638+00
1	106	Yo! "boycott Yoghurts International LLC" just reached your defined critical mass of 10! Start acting now!	f	f	199	2021-01-29 20:39:40.58736+00
1	107	Yo! "boycott Yoghurts International LLC" just un-reached your defined critical mass of 100! Go back home now, it's pointless!	f	f	199	2021-01-29 20:41:28.401271+00
1	108	Yo! "boycott Yoghurts International LLC" just reached your defined critical mass of 10! Start acting now!	f	f	199	2021-01-29 20:41:51.519045+00
1	109	Yo! "boycott Yoghurts International LLC" just un-reached your defined critical mass of 100! Go back home now, it's pointless!	f	f	199	2021-01-29 20:44:26.447928+00
1	110	Yo! "boycott Yoghurts International LLC" just reached your defined critical mass of 10! Start acting now!	f	f	199	2021-01-29 20:50:55.505353+00
1	111	Yo! "boycott Yoghurts International LLC" just un-reached your defined critical mass of 100! Go back home now, it's pointless!	f	f	199	2021-01-29 20:51:12.755934+00
1	112	Yo! "boycott Yoghurts International LLC" just reached your defined critical mass of 10! Start acting now!	f	f	199	2021-01-29 20:53:06.550527+00
1	113	Yo! "boycott Yoghurts International LLC" just un-reached your defined critical mass of 100! Go back home now, it's pointless!	f	f	199	2021-01-29 20:56:01.309518+00
1	114	Yo! "boycott Yoghurts International LLC" just reached your defined critical mass of 10! Start acting now!	f	f	199	2021-01-29 20:56:24.867327+00
2	115	Yo! "campaign 2" just reached your defined critical mass of 10! Start acting now!	f	f	199	2021-01-29 21:14:33.806203+00
2	116	Yo! "campaign 2" just un-reached your defined critical mass of 100! Go back home now, it's pointless!	f	f	199	2021-01-29 21:14:46.943762+00
2	117	Yo! "campaign 2" just reached your defined critical mass of 10! Start acting now!	f	f	199	2021-01-29 21:19:40.866126+00
1	118	Yo! "boycott Yoghurts International LLC" just reached your defined critical mass of 10! Start acting now!	f	f	200	2021-01-29 22:00:23.910902+00
1	119	Yo! "boycott Yoghurts International LLC" just un-reached your defined critical mass of 100! Go back home now, it's pointless!	f	f	200	2021-01-29 22:00:30.58426+00
1	120	Yo! "boycott Yoghurts International LLC" just reached your defined critical mass of 0! Start acting now!	f	f	200	2021-01-29 22:00:49.894998+00
1	121	Yo! "boycott Yoghurts International LLC" just un-reached your defined critical mass of 1111! Go back home now, it's pointless!	f	f	200	2021-01-29 22:01:29.171437+00
1	122	Yo! "boycott Yoghurts International LLC" just reached your defined critical mass of 2! Start acting now!	f	f	200	2021-01-29 22:03:24.081376+00
2	123	Yo! "campaign 2" just reached your defined critical mass of 10! Start acting now!	f	f	200	2021-01-29 22:03:58.362584+00
1	124	Yo! "boycott Yoghurts International LLC" just un-reached your defined critical mass of 54! Go back home now, it's pointless!	f	f	200	2021-01-29 22:08:41.633975+00
1	125	Yo! "boycott Yoghurts International LLC" just reached your defined critical mass of 10! Start acting now!	f	f	201	2021-01-29 23:22:48.375255+00
1	126	Yo! "boycott Yoghurts International LLC" just reached your defined critical mass of 10! Start acting now!	f	f	200	2021-01-29 23:30:50.433904+00
1	127	Yo! "boycott Yoghurts International LLC" just reached your defined critical mass of 10! Start acting now!	f	f	202	2021-01-29 23:54:38.586125+00
2	128	Yo! "campaign 2" just reached your defined critical mass of 10! Start acting now!	f	f	202	2021-01-29 23:55:39.344617+00
11	129	Yo! "Baltimore Open Legislation" just reached your defined critical mass of 1! Start acting now!	f	f	202	2021-01-30 00:32:26.654158+00
1	130	Yo! "boycott Yoghurts International LLC" just reached your defined critical mass of 10! Start acting now!	f	f	191	2021-01-30 00:36:36.453989+00
2	131	Yo! "campaign 2" just reached your defined critical mass of 10! Start acting now!	f	f	191	2021-01-30 00:36:43.168725+00
11	132	Yo! "Baltimore Open Legislation" just reached your defined critical mass of 1! Start acting now!	f	f	191	2021-01-30 00:36:49.653137+00
22	133	Yo! "campaign1610867933897" just reached your defined critical mass of 1! Start acting now!	f	f	191	2021-01-30 00:37:18.814353+00
1	134	Yo! "boycott Yoghurts International LLC" just reached your defined critical mass of 10! Start acting now!	f	f	192	2021-01-30 01:16:32.15853+00
25	135	Yo! "campaign1611219637096" just reached your defined critical mass of 1! Start acting now!	f	f	192	2021-01-30 01:17:36.774663+00
1	136	Yo! "boycott Yoghurts International LLC" just reached your defined critical mass of 10! Start acting now!	f	f	205	2021-01-30 01:42:14.684029+00
2	137	Yo! "campaign 2" just reached your defined critical mass of 10! Start acting now!	f	f	205	2021-01-30 01:42:22.57187+00
2	138	Yo! "campaign 2" just reached your defined critical mass of 10! Start acting now!	f	f	211	2021-01-31 09:05:01.186654+00
11	139	Yo! "Baltimore Open Legislation" just reached your defined critical mass of 1! Start acting now!	f	f	211	2021-01-31 09:21:52.190227+00
1	140	Yo! "boycott Yoghurts International LLC" just reached your defined critical mass of 10! Start acting now!	f	f	214	2021-02-01 12:10:13.87251+00
1	141	Yo! "boycott Yoghurts International LLC" just reached your defined critical mass of 10! Start acting now!	f	f	217	2021-02-01 15:45:32.824646+00
1	142	Yo! "boycott Yoghurts International LLC" just reached your defined critical mass of 10! Start acting now!	f	f	220	2021-02-07 02:03:41.566258+00
1	143	Yo! "boycott Yoghurts International LLC" just reached your defined critical mass of 10! Start acting now!	f	f	231	2021-02-07 02:03:48.126552+00
1	144	Yo! "boycott Yoghurts International LLC" just reached your defined critical mass of 10! Start acting now!	f	f	238	2021-02-07 02:03:54.72289+00
1	145	Yo! "boycott Yoghurts International LLC" just reached your defined critical mass of 10! Start acting now!	f	f	237	2021-02-07 02:04:01.284946+00
1	146	Yo! "boycott Yoghurts International LLC" just reached your defined critical mass of 10! Start acting now!	f	f	239	2021-02-07 02:04:07.713134+00
1	147	Yo! "boycott Yoghurts International LLC" just reached your defined critical mass of 50! Start acting now!	f	f	41	2021-02-07 02:04:14.218036+00
1	148	Yo! "boycott Yoghurts International LLC" just reached your defined critical mass of 50! Start acting now!	f	f	43	2021-02-07 02:04:20.595744+00
1	149	Yo! "boycott Yoghurts International LLC" just reached your defined critical mass of 50! Start acting now!	f	f	25	2021-02-07 02:04:26.987177+00
2	150	Yo! "campaign 2" just reached your defined critical mass of 10! Start acting now!	f	f	238	2021-02-07 02:04:33.664903+00
2	151	Yo! "campaign 2" just reached your defined critical mass of 10! Start acting now!	f	f	239	2021-02-07 02:04:40.230548+00
2	152	Yo! "campaign 2" just reached your defined critical mass of 20! Start acting now!	f	f	237	2021-02-07 02:04:46.803068+00
26	153	Yo! "campaign1612120839888" just reached your defined critical mass of 1! Start acting now!	f	f	1	2021-02-07 02:04:53.292701+00
11	154	Yo! "Baltimore Open Legislation" just reached your defined critical mass of 1! Start acting now!	f	f	332	2021-02-08 04:04:29.808037+00
11	155	Yo! "Baltimore Open Legislation" just reached your defined critical mass of 1! Start acting now!	f	f	306	2021-02-08 04:10:12.134084+00
11	156	Yo! "Baltimore Open Legislation" just reached your defined critical mass of 1! Start acting now!	f	f	334	2021-02-08 04:15:22.129629+00
11	157	Yo! "Baltimore Open Legislation" just un-reached your defined critical mass of 100! Go back home now, it's pointless!	f	f	334	2021-02-08 18:34:35.748269+00
11	158	Yo! "Baltimore Open Legislation" just reached your defined critical mass of 1! Start acting now!	f	f	216	2021-02-09 22:32:28.907228+00
7	159	Yo! "campaign1607749719644" just un-reached your defined critical mass of 1! Go back home now, it's pointless!	f	f	56	2021-02-15 13:10:55.088871+00
10	160	Yo! "campaign1608060323329" just un-reached your defined critical mass of 2! Go back home now, it's pointless!	f	f	36	2021-02-15 13:11:02.701335+00
10	161	Yo! "campaign1608060323329" just un-reached your defined critical mass of 2! Go back home now, it's pointless!	f	f	55	2021-02-15 13:11:09.820555+00
14	162	Yo! "Boycott Air France" just un-reached your defined critical mass of 1! Go back home now, it's pointless!	f	f	16	2021-02-15 13:11:17.151594+00
14	163	Yo! "Boycott Air France" just un-reached your defined critical mass of 2! Go back home now, it's pointless!	f	f	2	2021-02-15 13:11:26.275777+00
17	164	Yo! "campaign1610226405077" just un-reached your defined critical mass of 1! Go back home now, it's pointless!	f	f	179	2021-02-15 13:11:33.490761+00
17	165	Yo! "campaign1610226405077" just un-reached your defined critical mass of 2! Go back home now, it's pointless!	f	f	66	2021-02-15 13:11:40.655101+00
19	166	Yo! "campaign1610308725533" just un-reached your defined critical mass of 1! Go back home now, it's pointless!	f	f	179	2021-02-15 13:11:47.87226+00
22	167	Yo! "campaign1610867933897" just un-reached your defined critical mass of 1! Go back home now, it's pointless!	f	f	191	2021-02-15 13:11:55.418911+00
24	168	Yo! "campaign1610875606256" just un-reached your defined critical mass of 1! Go back home now, it's pointless!	f	f	161	2021-02-15 13:12:03.865956+00
25	169	Yo! "campaign1611219637096" just un-reached your defined critical mass of 1! Go back home now, it's pointless!	f	f	192	2021-02-15 13:12:11.155275+00
26	170	Yo! "campaign1612120839888" just un-reached your defined critical mass of 1! Go back home now, it's pointless!	f	f	1	2021-02-15 13:12:18.73283+00
11	171	Yo! "Baltimore Open Legislation" just reached your defined critical mass of 3! Start acting now!	f	f	192	2021-02-15 14:17:29.544715+00
11	172	Yo! "Baltimore Open Legislation" just un-reached your defined critical mass of 30! Go back home now, it's pointless!	f	f	192	2021-02-15 14:18:22.608939+00
11	173	Yo! "Baltimore Open Legislation" just reached your defined critical mass of 11! Start acting now!	f	f	192	2021-02-15 14:18:34.641557+00
11	174	Yo! "Baltimore Open Legislation" just un-reached your defined critical mass of 33! Go back home now, it's pointless!	f	f	192	2021-02-15 14:23:54.667394+00
11	175	Yo! "Baltimore Open Legislation" just reached your defined critical mass of 6! Start acting now!	f	f	192	2021-02-15 14:24:48.602378+00
11	176	Yo! "Baltimore Open Legislation" just un-reached your defined critical mass of 333! Go back home now, it's pointless!	f	f	192	2021-02-15 14:25:00.981143+00
11	177	Yo! "Baltimore Open Legislation" just reached your defined critical mass of 12! Start acting now!	f	f	192	2021-02-15 14:27:06.75691+00
11	178	Yo! "Baltimore Open Legislation" just reached your defined critical mass of 10! Start acting now!	f	f	334	2021-02-15 14:37:09.221832+00
21	179	Yo! "Ahava Dead Sea Laboratories" just reached your defined critical mass of 0! Start acting now!	f	f	192	2021-02-15 14:39:49.269503+00
11	180	Yo! "Baltimore Open Legislation" just un-reached your defined critical mass of 545! Go back home now, it's pointless!	f	f	334	2021-02-16 10:37:39.82155+00
11	181	Yo! "Baltimore Open Legislation" just reached your defined critical mass of 5! Start acting now!	f	f	334	2021-02-16 10:38:37.082111+00
11	182	Yo! "Baltimore Open Legislation" just reached your defined critical mass of 4! Start acting now!	f	f	336	2021-02-17 00:11:52.490149+00
11	183	Yo! "Baltimore Open Legislation" just reached your defined critical mass of 5! Start acting now!	f	f	385	2021-02-17 01:05:04.147004+00
14	184	Yo! "Boycott Air France" just reached your defined critical mass of 1! Start acting now!	f	f	16	2021-02-18 20:01:40.820452+00
14	185	Yo! "Boycott Air France" just reached your defined critical mass of 2! Start acting now!	f	f	2	2021-02-18 20:01:47.577687+00
14	186	Yo! "Boycott Air France" just reached your defined critical mass of 2! Start acting now!	f	f	376	2021-02-18 20:02:14.412952+00
14	187	Yo! "Boycott Air France" just reached your defined critical mass of 3! Start acting now!	f	f	192	2021-02-18 20:03:02.111102+00
14	188	Yo! "Boycott Air France" just un-reached your defined critical mass of 1! Go back home now, it's pointless!	f	f	16	2021-02-18 20:04:05.227745+00
14	189	Yo! "Boycott Air France" just un-reached your defined critical mass of 2! Go back home now, it's pointless!	f	f	2	2021-02-18 20:04:13.52723+00
14	190	Yo! "Boycott Air France" just un-reached your defined critical mass of 3! Go back home now, it's pointless!	f	f	192	2021-02-18 20:04:41.045392+00
14	191	Yo! "Boycott Air France" just un-reached your defined critical mass of 4! Go back home now, it's pointless!	f	f	376	2021-02-18 20:05:08.397696+00
14	192	Yo! "Boycott Air France" just reached your defined critical mass of 1! Start acting now!	f	f	16	2021-02-18 20:05:51.981527+00
14	193	Yo! "Boycott Air France" just reached your defined critical mass of 2! Start acting now!	f	f	2	2021-02-18 20:06:19.468181+00
14	194	Yo! "Boycott Air France" just reached your defined critical mass of 3! Start acting now!	f	f	192	2021-02-18 20:07:08.763119+00
14	195	Yo! "Boycott Air France" just reached your defined critical mass of 3! Start acting now!	f	f	376	2021-02-18 20:07:15.578613+00
32	196	Yo! "campaign1612962926002" just reached your defined critical mass of 0! Start acting now!	f	f	376	2021-02-19 13:07:53.303141+00
1	197	Yo! "boycott Yoghurts International LLC" just reached your defined critical mass of 10! Start acting now!	f	f	403	2021-02-20 00:48:06.982507+00
32	198	Heads up! "campaign1612962926002" just reached your defined critical mass of 1! Start acting now!	f	f	415	2021-02-20 06:22:29.428181+00
1	199	Heads up! "boycott Yoghurts International LLC" just un-reached your defined critical mass of 50! Go back home now, it's pointless!	f	f	43	2021-02-20 09:53:07.462764+00
1	200	Heads up! "boycott Yoghurts International LLC" just un-reached your defined critical mass of 50! Go back home now, it's pointless!	f	f	25	2021-02-20 09:53:16.589507+00
1	201	Heads up! "boycott Yoghurts International LLC" just un-reached your defined critical mass of 50! Go back home now, it's pointless!	f	f	41	2021-02-20 09:53:23.879736+00
14	202	Heads up! "Boycott Air France" just un-reached your defined critical mass of 1! Go back home now, it's pointless!	f	f	16	2021-02-20 09:53:31.458987+00
14	203	Heads up! "Boycott Air France" just un-reached your defined critical mass of 2! Go back home now, it's pointless!	f	f	2	2021-02-20 09:53:38.998774+00
14	204	Heads up! "Boycott Air France" just un-reached your defined critical mass of 3! Go back home now, it's pointless!	f	f	376	2021-02-20 09:53:47.857784+00
2	205	Heads up! "campaign 2" just un-reached your defined critical mass of 20! Go back home now, it's pointless!	f	f	237	2021-02-23 00:19:23.950965+00
11	206	Heads up! "Baltimore Open Legislation" just reached your defined critical mass of 2! Start acting now!	f	f	425	2021-02-28 01:46:43.533353+00
11	207	Heads up! "Baltimore Open Legislation" just un-reached your defined critical mass of 40! Go back home now, it's pointless!	f	f	425	2021-02-28 02:25:28.870945+00
11	208	Heads up! "Baltimore Open Legislation" just reached your defined critical mass of 5! Start acting now!	f	f	403	2021-02-28 14:11:48.18057+00
11	209	Heads up! "Baltimore Open Legislation" just un-reached your defined critical mass of 20! Go back home now, it's pointless!	f	f	403	2021-02-28 14:22:43.960165+00
11	210	Heads up! "Baltimore Open Legislation" just reached your defined critical mass of 11! Start acting now!	f	f	403	2021-02-28 14:36:53.364218+00
11	211	Heads up! "Baltimore Open Legislation" just un-reached your defined critical mass of 33! Go back home now, it's pointless!	f	f	403	2021-02-28 14:53:32.610907+00
11	212	Heads up! "Baltimore Open Legislation" just reached your defined critical mass of 1! Start acting now!	f	f	429	2021-03-06 21:21:35.09754+00
11	213	Heads up! "Baltimore Open Legislation" just reached your defined critical mass of 2! Start acting now!	f	f	425	2021-03-13 20:56:39.334987+00
11	214	Heads up! "Baltimore Open Legislation" just reached your defined critical mass of 5! Start acting now!	f	f	518	2021-03-14 01:46:12.848409+00
101	1005	Heads up! "campaign1615920080453" just reached your defined critical mass of 0! Start acting now!	f	f	403	2021-03-16 21:19:52.502365+00
102	1006	Heads up! "aaaaaaaaaaaa" just reached your defined critical mass of 0! Start acting now!	f	f	403	2021-03-16 21:36:05.31116+00
2	1007	Heads up! "campaign 2" just reached your defined critical mass of 20! Start acting now!	f	f	237	2021-03-16 22:13:44.999908+00
11	1008	Heads up! "Baltimore Open Legislation" just un-reached your defined critical mass of 21! Go back home now, it's pointless!	f	f	192	2021-03-16 22:13:46.664771+00
14	1009	Heads up! "Boycott Air France" just reached your defined critical mass of 1! Start acting now!	f	f	16	2021-03-16 22:13:48.298703+00
14	1010	Heads up! "Boycott Air France" just reached your defined critical mass of 2! Start acting now!	f	f	2	2021-03-16 22:13:49.970476+00
14	1011	Heads up! "Boycott Air France" just reached your defined critical mass of 3! Start acting now!	f	f	376	2021-03-16 22:13:55.944975+00
86	1012	Heads up! "End Xiaomi." just reached your defined critical mass of 0! Start acting now!	f	f	192	2021-03-16 22:13:57.591326+00
11	1013	Heads up! "Baltimore Open Legislation" just un-reached your defined critical mass of 46! Go back home now, it's pointless!	f	f	425	2021-03-16 23:39:33.2567+00
46	1014	Heads up! "Amazon" just reached your defined critical mass of 0! Start acting now!	f	f	425	2021-03-18 23:52:01.311873+00
11	1015	Heads up! "Baltimore Open Legislation" just reached your defined critical mass of 0! Start acting now!	f	f	1011	2021-03-19 19:46:16.017065+00
11	1016	Heads up! "Baltimore Open Legislation" just reached your defined critical mass of 12! Start acting now!	f	f	192	2021-03-20 00:24:58.05687+00
11	1017	Heads up! "Baltimore Open Legislation" just un-reached your defined critical mass of 26! Go back home now, it's pointless!	f	f	192	2021-03-20 01:18:19.054743+00
11	1018	Heads up! "Baltimore Open Legislation" just reached your defined critical mass of 9! Start acting now!	f	f	192	2021-03-20 01:18:26.654137+00
67	1019	Heads up! "HSBC" just reached your defined critical mass of 0! Start acting now!	f	f	192	2021-03-20 01:22:19.930899+00
67	1020	Heads up! "HSBC" just un-reached your defined critical mass of 16! Go back home now, it's pointless!	f	f	192	2021-03-20 01:22:29.617841+00
11	1021	Heads up! "Baltimore Open Legislation" just un-reached your defined critical mass of 31! Go back home now, it's pointless!	f	f	192	2021-03-20 01:28:07.538157+00
33	1022	Heads up! "Boycott all websites that use "Font Awesome" and other "icon font" shenanigans" just reached your defined critical mass of 0! Start acting now!	f	f	192	2021-03-20 01:40:15.373961+00
44	1023	Heads up! "Ahava Dead Sea Laboratories" just reached your defined critical mass of 0! Start acting now!	f	f	192	2021-03-20 01:41:16.949239+00
53	1024	Heads up! "Coca-Cola" just reached your defined critical mass of 0! Start acting now!	f	f	192	2021-03-20 01:41:43.727042+00
11	1025	Heads up! "Baltimore Open Legislation" just reached your defined critical mass of 8! Start acting now!	f	f	425	2021-03-20 19:42:25.400551+00
11	1026	Heads up! "Baltimore Open Legislation" just un-reached your defined critical mass of 33! Go back home now, it's pointless!	f	f	425	2021-03-20 19:43:08.390039+00
53	1027	Heads up! "Coca-Cola" just un-reached your defined critical mass of 6! Go back home now, it's pointless!	f	f	192	2021-03-21 09:01:21.796885+00
33	1028	Heads up! "Boycott all websites that use "Font Awesome" and other "icon font" shenanigans" just un-reached your defined critical mass of 3333333! Go back home now, it's pointless!	f	f	192	2021-03-27 16:38:25.485264+00
81	1029	Heads up! "Turkish Universities" just reached your defined critical mass of 0! Start acting now!	f	f	1064	2021-03-28 12:45:37.503363+00
11	1030	Heads up! "Baltimore Open Legislation" just reached your defined critical mass of 17! Start acting now!	f	f	1064	2021-03-28 12:46:57.776708+00
11	1031	Heads up! "Baltimore Open Legislation" just reached your defined critical mass of 18! Start acting now!	f	f	1039	2021-03-28 13:03:40.036559+00
11	1032	Heads up! "Baltimore Open Legislation" just un-reached your defined critical mass of 19! Go back home now, it's pointless!	f	f	1039	2021-03-28 13:03:49.693956+00
11	1033	Heads up! "Baltimore Open Legislation" just reached your defined critical mass of 18! Start acting now!	f	f	1039	2021-03-28 13:04:04.751813+00
11	1034	Heads up! "Baltimore Open Legislation" just un-reached your defined critical mass of 19! Go back home now, it's pointless!	f	f	1039	2021-03-28 13:04:13.373735+00
102	1035	Heads up! "aaaaaaaaaaaa" just reached your defined critical mass of 0! Start acting now!	f	f	1101	2021-03-28 19:56:59.10269+00
11	1036	Heads up! "Baltimore Open Legislation" just reached your defined critical mass of 19! Start acting now!	f	f	1039	2021-03-29 21:57:19.940724+00
11	1037	Heads up! "Baltimore Open Legislation" just reached your defined critical mass of 33! Start acting now!	f	f	425	2021-03-29 21:57:21.317025+00
11	1038	Heads up! "Baltimore Open Legislation" just reached your defined critical mass of 33! Start acting now!	f	f	403	2021-03-29 21:57:22.460369+00
11	1039	Heads up! "Baltimore Open Legislation" just reached your defined critical mass of 43! Start acting now!	f	f	1100	2021-03-29 21:57:23.605498+00
11	1040	Heads up! "Baltimore Open Legislation" just reached your defined critical mass of 47! Start acting now!	f	f	192	2021-03-29 21:57:29.113508+00
11	1041	Heads up! "Baltimore Open Legislation" just reached your defined critical mass of 50! Start acting now!	f	f	1130	2021-03-29 21:57:30.265089+00
11	1042	Heads up! "Baltimore Open Legislation" just reached your defined critical mass of 50! Start acting now!	f	f	1131	2021-03-29 21:57:31.394905+00
11	1043	Heads up! "Baltimore Open Legislation" just reached your defined critical mass of 50! Start acting now!	f	f	1132	2021-03-29 21:57:32.540854+00
11	1044	Heads up! "Baltimore Open Legislation" just reached your defined critical mass of 50! Start acting now!	f	f	1133	2021-03-29 21:57:37.999507+00
11	1045	Heads up! "Baltimore Open Legislation" just reached your defined critical mass of 50! Start acting now!	f	f	1134	2021-03-29 21:57:39.174633+00
11	1046	Heads up! "Baltimore Open Legislation" just reached your defined critical mass of 50! Start acting now!	f	f	1138	2021-03-29 21:57:40.320928+00
11	1047	Heads up! "Baltimore Open Legislation" just reached your defined critical mass of 50! Start acting now!	f	f	201	2021-03-29 21:57:41.459885+00
11	1048	Heads up! "Baltimore Open Legislation" just reached your defined critical mass of 50! Start acting now!	f	f	443	2021-03-29 21:57:46.914384+00
11	1049	Heads up! "Baltimore Open Legislation" just reached your defined critical mass of 50! Start acting now!	f	f	1080	2021-03-29 21:57:48.066836+00
11	1050	Heads up! "Baltimore Open Legislation" just reached your defined critical mass of 50! Start acting now!	f	f	1084	2021-03-29 21:57:49.227795+00
11	1051	Heads up! "Baltimore Open Legislation" just reached your defined critical mass of 50! Start acting now!	f	f	1086	2021-03-29 21:57:50.366174+00
11	1052	Heads up! "Baltimore Open Legislation" just reached your defined critical mass of 50! Start acting now!	f	f	1087	2021-03-29 21:57:55.874481+00
11	1053	Heads up! "Baltimore Open Legislation" just reached your defined critical mass of 50! Start acting now!	f	f	1091	2021-03-29 21:57:57.029988+00
11	1054	Heads up! "Baltimore Open Legislation" just reached your defined critical mass of 50! Start acting now!	f	f	1094	2021-03-29 21:57:58.163338+00
11	1055	Heads up! "Baltimore Open Legislation" just reached your defined critical mass of 50! Start acting now!	f	f	1095	2021-03-29 21:57:59.298534+00
11	1056	Heads up! "Baltimore Open Legislation" just reached your defined critical mass of 50! Start acting now!	f	f	1096	2021-03-29 21:58:04.777658+00
11	1057	Heads up! "Baltimore Open Legislation" just reached your defined critical mass of 50! Start acting now!	f	f	1097	2021-03-29 21:58:05.956057+00
11	1058	Heads up! "Baltimore Open Legislation" just reached your defined critical mass of 50! Start acting now!	f	f	1098	2021-03-29 21:58:07.116463+00
11	1059	Heads up! "Baltimore Open Legislation" just reached your defined critical mass of 50! Start acting now!	f	f	1101	2021-03-29 21:58:08.26356+00
11	1060	Heads up! "Baltimore Open Legislation" just reached your defined critical mass of 50! Start acting now!	f	f	1103	2021-03-29 21:58:13.694201+00
11	1061	Heads up! "Baltimore Open Legislation" just reached your defined critical mass of 50! Start acting now!	f	f	1105	2021-03-29 21:58:14.87406+00
11	1062	Heads up! "Baltimore Open Legislation" just reached your defined critical mass of 50! Start acting now!	f	f	1106	2021-03-29 21:58:16.011577+00
11	1063	Heads up! "Baltimore Open Legislation" just reached your defined critical mass of 50! Start acting now!	f	f	1124	2021-03-29 21:58:17.149479+00
11	1064	Heads up! "Baltimore Open Legislation" just reached your defined critical mass of 50! Start acting now!	f	f	1125	2021-03-29 21:58:22.601416+00
11	1065	Heads up! "Baltimore Open Legislation" just reached your defined critical mass of 50! Start acting now!	f	f	1126	2021-03-29 21:58:23.756483+00
11	1066	Heads up! "Baltimore Open Legislation" just reached your defined critical mass of 50! Start acting now!	f	f	1127	2021-03-29 21:58:24.90846+00
11	1067	Heads up! "Baltimore Open Legislation" just reached your defined critical mass of 50! Start acting now!	f	f	1128	2021-03-29 21:58:26.16379+00
11	1068	Heads up! "Baltimore Open Legislation" just reached your defined critical mass of 50! Start acting now!	f	f	1129	2021-03-29 21:58:31.597535+00
11	1069	Heads up! "Baltimore Open Legislation" just reached your defined critical mass of 50! Start acting now!	f	f	1141	2021-03-29 22:04:15.600651+00
11	1070	Heads up! "Baltimore Open Legislation" just reached your defined critical mass of 50! Start acting now!	f	f	1142	2021-03-29 22:05:13.419177+00
11	1071	Heads up! "Baltimore Open Legislation" just reached your defined critical mass of 50! Start acting now!	f	f	1156	2021-03-30 00:37:36.903758+00
11	1072	Heads up! "Baltimore Open Legislation" just reached your defined critical mass of 50! Start acting now!	f	f	1157	2021-03-30 00:48:20.315891+00
11	1073	Heads up! "Baltimore Open Legislation" just reached your defined critical mass of 50! Start acting now!	f	f	1181	2021-04-07 19:38:33.031805+00
11	1074	Heads up! "Baltimore Open Legislation" just un-reached your defined critical mass of 51000! Go back home now, it's pointless!	f	f	1157	2021-04-08 12:33:10.38474+00
11	1075	Heads up! "Baltimore Open Legislation" just reached your defined critical mass of 50! Start acting now!	f	f	1197	2021-04-08 22:51:56.93978+00
\.


--
-- Data for Name: campaigns; Type: TABLE DATA; Schema: public; Owner: avnadmin
--

COPY public.campaigns (maintainer_id, title, description, id, cause_id, suggested_highest_threshold, suggested_lowest_threshold, suggested_optimal_threshold, smazano, stealth, uri, twitter_tag) FROM stdin;
1	boycott Yoghurts International LLC	avoid buying any products of this ugly company.	1	\N	8000000000	1	10	t	f	\N	\N
\N	Baltimore Open Legislation	Pressure Baltimore City Council and Baltimore Department of Legislative Reference to publish Baltimore City legislation in a publicly accessible git repo in the same manner as DC City Council has done. We will gather in front of the City Hall each monday at 6PM. Bring transparents.	11	\N	1000	1	50	f	f	\N	\N
\N	Boycott Air France	https://headlines.peta.org/air-france-stop-shipping-monkeys/#action <br>	14	\N	8000000000	14	800	t	f	\N	\N
\N	Ahava Dead Sea Laboratories	\n\nImage: Ahava Stolen Beauty Boycott\n\nCODEPINK, the US women's anti-war movement, has launched the 'Stolen Beauty' campaign targeting Ahava Dead Sea Laboratories for its involvement in the occupied territories.\n\nRegular bi-weekly protests in London have resulted in the flagship Ahava store losing it's lease. A number of small independent stores have dropped Ahava from inventory  among them the gift shop at the National Cathedral in Washington D.C.and the U.N. Commissary in Vienna. In 2009, the organisation pressured Oxfam into suspending actress and Ahava spokes model Kristen Davis from publicity work as an Oxfam Goodwill Ambassador in 2009 for the duration of her contract with Ahava.\n\nAhava's labeling practices have been scrutinised by officials in England, the Netherlands, France, and most recently in South Africa, and more than 10,000 people have pledged to boycott the company. Read more about the Israel boycott here.\n	21	\N	8000000000	8	800	t	f	\N	\N
2	campaign 2	everybody jump!	2	\N	8000000000	1	10	t	f	\N	\N
10			4	\N	8000000000	1	10	t	f	\N	\N
10			5	\N	8000000000	1	10	t	f	\N	\N
\N	campaign1607749178756	lorem ipsum lorem ipsum lorem ipsum lorem ipsum lorem ipsum lorem ipsum lorem ipsum lorem ipsum lorem ipsum lorem ipsum lorem ipsum lorem ipsum lorem ipsum lorem ipsum lorem ipsum lorem ipsum lorem ipsum lorem ipsum lorem ipsum lorem ipsum lorem ipsum lorem ipsum lorem ipsum lorem ipsum lorem ipsum lorem ipsum lorem ipsum lorem ipsum lorem ipsum lorem ipsum 	6	\N	8000000000	1	10	t	f	\N	\N
\N	campaign1607749719644	lorem ipsum lorem ipsum lorem ipsum lorem ipsum lorem ipsum lorem ipsum lorem ipsum lorem ipsum lorem ipsum lorem ipsum lorem ipsum lorem ipsum lorem ipsum lorem ipsum lorem ipsum lorem ipsum lorem ipsum lorem ipsum lorem ipsum lorem ipsum lorem ipsum lorem ipsum lorem ipsum lorem ipsum lorem ipsum lorem ipsum lorem ipsum lorem ipsum lorem ipsum lorem ipsum 	7	\N	8000000000	1	10	t	f	\N	\N
\N	campaign1607828163267	lorem ipsum lorem ipsum lorem ipsum lorem ipsum lorem ipsum lorem ipsum lorem ipsum lorem ipsum lorem ipsum lorem ipsum lorem ipsum lorem ipsum lorem ipsum lorem ipsum lorem ipsum lorem ipsum lorem ipsum lorem ipsum lorem ipsum lorem ipsum lorem ipsum lorem ipsum lorem ipsum lorem ipsum lorem ipsum lorem ipsum lorem ipsum lorem ipsum lorem ipsum lorem ipsum 	8	\N	8000000000	1	10	t	f	\N	\N
\N	campaign1607922166612	lorem ipsum lorem ipsum lorem ipsum lorem ipsum lorem ipsum lorem ipsum lorem ipsum lorem ipsum lorem ipsum lorem ipsum lorem ipsum lorem ipsum lorem ipsum lorem ipsum lorem ipsum lorem ipsum lorem ipsum lorem ipsum lorem ipsum lorem ipsum lorem ipsum lorem ipsum lorem ipsum lorem ipsum lorem ipsum lorem ipsum lorem ipsum lorem ipsum lorem ipsum lorem ipsum 	9	\N	8000000000	8	800	t	f	\N	\N
\N	campaign1608060323329	lorem ipsum lorem ipsum lorem ipsum lorem ipsum lorem ipsum lorem ipsum lorem ipsum lorem ipsum lorem ipsum lorem ipsum lorem ipsum lorem ipsum lorem ipsum lorem ipsum lorem ipsum lorem ipsum lorem ipsum lorem ipsum lorem ipsum lorem ipsum lorem ipsum lorem ipsum lorem ipsum lorem ipsum lorem ipsum lorem ipsum lorem ipsum lorem ipsum lorem ipsum lorem ipsum 	10	\N	8000000000	8	800	t	f	\N	\N
\N	campaign1608083500754	lorem ipsum lorem ipsum lorem ipsum lorem ipsum lorem ipsum lorem ipsum lorem ipsum lorem ipsum lorem ipsum lorem ipsum lorem ipsum lorem ipsum lorem ipsum lorem ipsum lorem ipsum lorem ipsum lorem ipsum lorem ipsum lorem ipsum lorem ipsum lorem ipsum lorem ipsum lorem ipsum lorem ipsum lorem ipsum lorem ipsum lorem ipsum lorem ipsum lorem ipsum lorem ipsum 	12	\N	8000000000	8	800	t	f	\N	\N
\N			13	\N	1	4	1	t	f	\N	\N
\N	campaign1608242972096	https://headlines.peta.org/air-france-stop-shipping-monkeys/#action \\nbrrbr	15	\N	8000000000	14	800	t	f	\N	\N
\N	campaign1610225994331	lorem ipsum lorem ipsum lorem ipsum lorem ipsum lorem ipsum lorem ipsum lorem ipsum lorem ipsum lorem ipsum lorem ipsum lorem ipsum lorem ipsum lorem ipsum lorem ipsum lorem ipsum lorem ipsum lorem ipsum lorem ipsum lorem ipsum lorem ipsum lorem ipsum lorem ipsum lorem ipsum lorem ipsum lorem ipsum lorem ipsum lorem ipsum lorem ipsum lorem ipsum lorem ipsum 	16	\N	8000000000	8	800	t	f	\N	\N
\N	campaign1610226405077	lorem ipsum lorem ipsum lorem ipsum lorem ipsum lorem ipsum lorem ipsum lorem ipsum lorem ipsum lorem ipsum lorem ipsum lorem ipsum lorem ipsum lorem ipsum lorem ipsum lorem ipsum lorem ipsum lorem ipsum lorem ipsum lorem ipsum lorem ipsum lorem ipsum lorem ipsum lorem ipsum lorem ipsum lorem ipsum lorem ipsum lorem ipsum lorem ipsum lorem ipsum lorem ipsum 	17	\N	8000000000	8	800	t	f	\N	\N
\N	campaign1610226429483	lorem ipsum lorem ipsum lorem ipsum lorem ipsum lorem ipsum lorem ipsum lorem ipsum lorem ipsum lorem ipsum lorem ipsum lorem ipsum lorem ipsum lorem ipsum lorem ipsum lorem ipsum lorem ipsum lorem ipsum lorem ipsum lorem ipsum lorem ipsum lorem ipsum lorem ipsum lorem ipsum lorem ipsum lorem ipsum lorem ipsum lorem ipsum lorem ipsum lorem ipsum lorem ipsum 	18	\N	8000000000	8	800	t	f	\N	\N
\N	campaign1610308725533	lorem ipsum lorem ipsum lorem ipsum lorem ipsum lorem ipsum lorem ipsum lorem ipsum lorem ipsum lorem ipsum lorem ipsum lorem ipsum lorem ipsum lorem ipsum lorem ipsum lorem ipsum lorem ipsum lorem ipsum lorem ipsum lorem ipsum lorem ipsum lorem ipsum lorem ipsum lorem ipsum lorem ipsum lorem ipsum lorem ipsum lorem ipsum lorem ipsum lorem ipsum lorem ipsum 	19	\N	8000000000	8	800	t	f	\N	\N
\N	aaaaaaaaaaaaaa	aaaaaaaaaaaaaaaaaaaaa!!!!!!!!!!!!!!!!!!!!!!!!!!!!!!!!!!!!!!!!!!!!!!!!!!!	20	\N	8000000000	8	800	t	f	\N	\N
\N	campaign1612497804873	hey hey	30	\N	100	8	25	t	f	\N	\N
\N	campaign1610867933897	lorem ipsum lorem ipsum lorem ipsum lorem ipsum lorem ipsum lorem ipsum lorem ipsum lorem ipsum lorem ipsum lorem ipsum lorem ipsum lorem ipsum lorem ipsum lorem ipsum lorem ipsum lorem ipsum lorem ipsum lorem ipsum lorem ipsum lorem ipsum lorem ipsum lorem ipsum lorem ipsum lorem ipsum lorem ipsum lorem ipsum lorem ipsum lorem ipsum lorem ipsum lorem ipsum 	22	\N	8000000000	8	800	t	f	\N	\N
\N	campaign1610868691601	lorem ipsum lorem ipsum lorem ipsum lorem ipsum lorem ipsum lorem ipsum lorem ipsum lorem ipsum lorem ipsum lorem ipsum lorem ipsum lorem ipsum lorem ipsum lorem ipsum lorem ipsum lorem ipsum lorem ipsum lorem ipsum lorem ipsum lorem ipsum lorem ipsum lorem ipsum lorem ipsum lorem ipsum lorem ipsum lorem ipsum lorem ipsum lorem ipsum lorem ipsum lorem ipsum 	23	\N	8000000000	8	800	t	f	\N	\N
\N	campaign1610875606256	lorem ipsum lorem ipsum lorem ipsum lorem ipsum lorem ipsum lorem ipsum lorem ipsum lorem ipsum lorem ipsum lorem ipsum lorem ipsum lorem ipsum lorem ipsum lorem ipsum lorem ipsum lorem ipsum lorem ipsum lorem ipsum lorem ipsum lorem ipsum lorem ipsum lorem ipsum lorem ipsum lorem ipsum lorem ipsum lorem ipsum lorem ipsum lorem ipsum lorem ipsum lorem ipsum 	24	\N	8000000000	8	800	t	f	\N	\N
\N	campaign1611219637096	lorem ipsum lorem ipsum lorem ipsum lorem ipsum lorem ipsum lorem ipsum lorem ipsum lorem ipsum lorem ipsum lorem ipsum lorem ipsum lorem ipsum lorem ipsum lorem ipsum lorem ipsum lorem ipsum lorem ipsum lorem ipsum lorem ipsum lorem ipsum lorem ipsum lorem ipsum lorem ipsum lorem ipsum lorem ipsum lorem ipsum lorem ipsum lorem ipsum lorem ipsum lorem ipsum 	25	\N	8000000000	8	800	t	f	\N	\N
\N	campaign1612120839888	lorem ipsum lorem ipsum lorem ipsum lorem ipsum lorem ipsum lorem ipsum lorem ipsum lorem ipsum lorem ipsum lorem ipsum lorem ipsum lorem ipsum lorem ipsum lorem ipsum lorem ipsum lorem ipsum lorem ipsum lorem ipsum lorem ipsum lorem ipsum lorem ipsum lorem ipsum lorem ipsum lorem ipsum lorem ipsum lorem ipsum lorem ipsum lorem ipsum lorem ipsum lorem ipsum 	26	\N	8000000000	8	800	t	f	\N	\N
\N	campaign1612120843038	lorem ipsum lorem ipsum lorem ipsum lorem ipsum lorem ipsum lorem ipsum lorem ipsum lorem ipsum lorem ipsum lorem ipsum lorem ipsum lorem ipsum lorem ipsum lorem ipsum lorem ipsum lorem ipsum lorem ipsum lorem ipsum lorem ipsum lorem ipsum lorem ipsum lorem ipsum lorem ipsum lorem ipsum lorem ipsum lorem ipsum lorem ipsum lorem ipsum lorem ipsum lorem ipsum 	27	\N	8000000000	8	800	t	f	\N	\N
\N	campaign1612120853401	lorem ipsum lorem ipsum lorem ipsum lorem ipsum lorem ipsum lorem ipsum lorem ipsum lorem ipsum lorem ipsum lorem ipsum lorem ipsum lorem ipsum lorem ipsum lorem ipsum lorem ipsum lorem ipsum lorem ipsum lorem ipsum lorem ipsum lorem ipsum lorem ipsum lorem ipsum lorem ipsum lorem ipsum lorem ipsum lorem ipsum lorem ipsum lorem ipsum lorem ipsum lorem ipsum 	28	\N	8000000000	8	800	t	f	\N	\N
\N	campaign1612120854621	lorem ipsum lorem ipsum lorem ipsum lorem ipsum lorem ipsum lorem ipsum lorem ipsum lorem ipsum lorem ipsum lorem ipsum lorem ipsum lorem ipsum lorem ipsum lorem ipsum lorem ipsum lorem ipsum lorem ipsum lorem ipsum lorem ipsum lorem ipsum lorem ipsum lorem ipsum lorem ipsum lorem ipsum lorem ipsum lorem ipsum lorem ipsum lorem ipsum lorem ipsum lorem ipsum 	29	\N	8000000000	8	800	t	f	\N	\N
\N	campaign1612962926002	lorem ipsum lorem ipsum lorem ipsum lorem ipsum lorem ipsum lorem ipsum lorem ipsum lorem ipsum lorem ipsum lorem ipsum lorem ipsum lorem ipsum lorem ipsum lorem ipsum lorem ipsum lorem ipsum lorem ipsum lorem ipsum lorem ipsum lorem ipsum lorem ipsum lorem ipsum lorem ipsum lorem ipsum lorem ipsum lorem ipsum lorem ipsum lorem ipsum lorem ipsum lorem ipsum 	32	\N	8000000000	8	800	t	f	\N	\N
\N	Air France	<p>Air France is the only major airline that continues to ship monkeys to laboratories for experimentation. Primates transported by Air France are frequently taken from the wild and were transported on journeys that could last for more than 30 hours.</p>\n<p>According to PETA, "Primates in laboratories were routinely mutilated, poisoned, deprived of food and water, forcibly immobilized in restraint devices, infected with painful and deadly diseases, and psychologically tormented...Primates suffer from the long and gruelling transport in the cargo holds of planes and in the backs of trucks."</p>\n<p>In March 2020, the campaign group reissued the boycott call:</p>\n<blockquote><p>"Amid calls for increased experimentation on monkeys during the COVID-19 outbreak, PETA is once again telling Air France to stop flying them to laboratories for <a href="https://www.peta.org/blog/yes-laboratories-are-doing-this-to-primates-too/" target="_blank">pointless and deadly studies</a>.</p>\n<p>"Transporting stressed and potentially immunocompromised monkeys, who are poor models of disease in humans, is dangerous and poses a serious public health risk. Experiments on them have failed to lead to cures and treatments for human diseases, and cutting-edge scientists are already conducting human vaccine trials for COVID-19, the disease caused by the novel coronavirus."</p>\n</blockquote>\n	45	\N	8000000000	1	10	f	f	ethicalconsumer.json#2	\N
\N	Amazon	<p>We have called a boycott of Amazon over its outrageous tax avoidance.</p>\n<p>In 2020, we estimated that the UK lost 52 million to Amazon's tax avoidance in 2017. Nothing has changed significantly since. In 2019, Amazons key UK business <a href="https://www.ethicalconsumer.org/retailers/amazons-uk-tax-just-3-despite-surge-profits">paid just 3% more in tax</a> compared to 2018, despite its pre-tax profits growing by more than 35%.</p>\n<p>In April 2020, the government implemented a 2% digital services tax on UK sales of very large companies providing online marketplaces, as well as search engines and social media services. Amazon immediately announced that it would pass it on to the sellers on its site.</p>\n<p>Read more about <a href="https://www.ethicalconsumer.org/ethicalcampaigns/boycott-amazon" title="Boycott Amazon">our Amazon boycott here</a>.</p>\n	46	\N	8000000000	1	10	f	f	ethicalconsumer.json#3	\N
\N	Barclays	<p>People &amp; Planet are calling on institutions to divest from and consumers <a href="https://peopleandplanet.org/divest-barclays" target="_blank" title="People &amp; Planet - Divest Barclays">to boycott Barclays</a> in the face of its fossil fuel funding. Barclays is the biggest funder of fossil fuels in Europe, providing over $118billion for fossil fuel projects between 2016-2019. Funded projects include the Dakota Access Pipeline, the Trans Mountain pipeline and the Cerrejn coal mine, all known for their serious violations of Indigenous rights. The campaign says:</p>\n<blockquote><p>it's time for them to halt their support for the fossil fuel industry before they drive us over the climate cliff.</p>\n</blockquote>\n<p>In particular, student-led campaigns have called on universities to divest from the company, seeing <a href="https://peopleandplanet.org/divest-barclays#victories" target="_blank" title="Divest Barclays - victories">widespread success</a>. Sheffield, Bristol and Surrey University Students Unions, NUS and Young Labour are all amongst those to have voted in favour of boycotting Barclays.</p>\n	48	\N	8000000000	1	10	f	f	ethicalconsumer.json#5	\N
\N	Beijing Winter Olympics	<p>Human rights groups and political leaders are calling for a boycott of the Winter Olympics in Beijing over the Chinese Governments atrocities against Uyghur citizens in the Xinjiang region. The Chinese government is estimated to have held between 1 to 1.8 million people in detention and forced labour camps in the region  the largest internment of an ethnic and religious minority since World War II.</p>\n<p>In September, more than 160 human rights groups wrote to the head of the International Olympic Committee (IOC), urging them to reverse their decision to hold the 2022 Games in China, due to the states human rights abuses in Xinjiang, Tibet, Hong Kong and Inner Mongolia. In February, 180 organisations reiterated the call.</p>\n<p>In its letter to the IOC, the coalition of 180 human rights groups highlighted the failure of the 2008 Beijing Games to encourage change in the county, stating:</p>\n<blockquote><p>The IOC refused to listen in 2008, defending its decision with claims that they would prove to be a catalyst for improved human rights. As human rights experts predicted, this decision proved to be hugely misplaced; not only did Chinas human rights record not improve but violations increased substantially without rebuke.</p>\n<p>Now, in 2021, we find ourselves back in the same position with the IOC who are refusing to act despite the clear evidence of genocide and widespread and worsening human rights failures.</p>\n</blockquote>\n<p>Other organisations are calling for a diplomatic boycott, which would allow players to compete, but would see governments refusing to send high-level officials to the games. Proponents say it could provide <a href="https://www.axios.com/2022-beijing-winter-olympics-boycott-china-759c66df-df19-4f1b-92a1-744b98276dc9.html" target="_blank" title="New geopolitical fears surround 2022 Beijing Olympics">an opportunity to engage</a> with the athletes, sponsors and broadcasters of the games and raise awareness of the issues.</p>\n	49	\N	8000000000	1	10	f	f	ethicalconsumer.json#6	\N
\N	Brazilian Agribusiness	<p>Civil society has long highlighted the role of Brazilian agribusiness, particularly soya plantations and meat farms, in the destruction of the Brazilian Amazon and serious violations of Indigenous rights. In recent years, the industry has also be accused of legitimising and exploiting Bolsonaro's corrupt and genocidal governance.</p>\n<p>Survival is demanding supermarkets <a href="https://survivalinternational.org/emails/supermarkets-brazilgenocide" target="_blank" title="Survival - Supermarkets: Stop fuelling Brazils genocide!">stop buying from Brazillian agribusiness</a>. It says:</p>\n<blockquote><p>Agribusiness giants in Brazil are stealing indigenous peoples land, poisoning them with pesticides, forcing them to live in makeshift camps with soaring rates of malnutrition, disease and suicide, burning down Brazils most biodiverse forests, and threatening to wipe out whole uncontacted tribes. The purchase of produce from these suppliers is fuelling Brazils genocide.</p>\n</blockquote>\n<p>Brazils National Indigenous Mobilization (MNI) and <a href="http://apib.info/apib/?lang=en" target="_blank">Indigenous People Articulation</a> have also <a data-entity-type="node" data-entity-uuid="1b089411-5bb0-424f-a69f-4fe4b078d610" href="/food-drink/indigenous-communities-brazil-denounce-products-deforestation" title="Indigenous communities in Brazil denounce products of deforestation">called for international solidarity</a> in condemning those companies involved and are being backed by <a href="https://rebellion.earth/" target="_blank">Extinction Rebellion</a> in the UK. Many of the major UK supermarkets, particularly Tesco, as well as Burger King, McDonald's and KFC <a href="https://secure.greenpeace.org.uk/page/s/tesco-industrial-meat" target="_blank" title="Greenpeace - Tesco industrial meat">have been criticised for their role</a>.</p>\n<p>Survival asks consumers to <a href="https://survivalinternational.org/emails/supermarkets-brazilgenocide" target="_blank" title="Survival - Supermarkets: Stop fuelling Brazils genocide!">write to supermarkets demanding change here</a>. Greenpeace asks consumers to <a href="https://secure.greenpeace.org.uk/page/s/tesco-industrial-meat" target="_blank" title="Greenpeace - Tesco industrial meat">sign a petition to Tesco here</a>.</p>\n	50	\N	8000000000	1	10	f	f	ethicalconsumer.json#7	\N
\N	Cadbury	<p>In December 2015, <a href="http://www.thesundaytimes.co.uk/sto/news/uk_news/National/article1641923.ece">The Sunday Times</a>, <a href="http://www.theguardian.com/business/2015/dec/06/cadburys-owner-paid-no-uk-tax-last-year">The Guardian</a> and <a href="http://www.ft.com/cms/s/0/adf59a06-9c24-11e5-8ce1-f6219b685d74.html">Financial Times</a> reported that Mondelez UK, the parent company of Quaker-founded, Birmingham based confectioners Cadbury, paid no corporation tax in 2014-15 in the UK, despite making profits in the country of 96.5m in that financial year. In 2017, <a href="http://www.dailymail.co.uk/news/article-5071835/Cadbury-pays-zero-corporation-tax.html" target="_blank" title="Daily Mail: Cadbury Pays Zero Corporation Tax">the Daily Mail</a> reported that Cadbury had not paid any corporation tax for the sixth successive year.</p>\n<p>The Methodist Tax Justice Network is calling a boycott of the company: </p>\n<blockquote><p>until we see evidence that Cadbury are paying tax commensurate with their sales in all countries in which they operate, we will refuse to buy from a company who avoid making their appropriate contributions to wider society.</p>\n</blockquote>\n<p>The campaign also asks followers to write to the company, explaining why they are avoiding its products.</p>\n	51	\N	8000000000	1	10	f	f	ethicalconsumer.json#8	\N
\N	campaign1615920080453	lorem ipsum lorem ipsum lorem ipsum lorem ipsum lorem ipsum lorem ipsum lorem ipsum lorem ipsum lorem ipsum lorem ipsum lorem ipsum lorem ipsum lorem ipsum lorem ipsum lorem ipsum lorem ipsum lorem ipsum lorem ipsum lorem ipsum lorem ipsum lorem ipsum lorem ipsum lorem ipsum lorem ipsum lorem ipsum lorem ipsum lorem ipsum lorem ipsum lorem ipsum lorem ipsum 	101	\N	8000000000	8	800	f	t	\N	\N
\N	Coca-Cola	<p>The Campaign to Stop Killer Coke has called for a boycott of the company, following claims that it had been involved in the murders of union leaders at its factories in South America, and in other instances of violence, intimidation and workers' rights abuses. </p>\n<p>Coca-Cola was accused of paying Colombian paramilitaries who murdered nine union members at its bottling plants. The <a href="http://killercoke.org/" target="_blank" title="Killer Coke Campaign">campaign</a> website also lists reports of the company ordering serious anti-union violence at Turkish and Guatemalan plants.</p>\n<p>Boycotts of Coca-Cola have also been called over its involvement in Israeli appartheid. The <a href="https://www.foa.org.uk/campaign/notinmyfridge/" title="#NotInMyFridge">#NotInMyFridge campaign</a> from FAO states: "Central Bottling Company (CBC) is an Israeli manufacturer and distributor of soft drinks, dairy products and alcoholic beverages. Coca-Cola profits from the occupation by working with CBC which sells its drinks in Israel. CBC has a Coca-Cola factory in Atarot illegal Israeli settlement. Israeli settlements are built on land stolen from Palestinians and are illegal under international law. By having its Israeli franchise in illegal settlements, Coca-Cola ignores international law and profits from the illegal occupation."</p>\n	53	\N	8000000000	1	10	f	f	ethicalconsumer.json#10	\N
\N	Crufts	<p>PETA are calling on Channel 4 to stop airing Crufts. The BBC dropped the show after relevations about ill, inbred animals, and the RSPCA refuses to attend it. The culture of breeding has serious health implications for the dogs involved on the show. PETA claims:</p>\n<blockquote><p>With its obsession with "purity of breed", Crufts popularises grossly exaggerated features in animals and awards prizes to dogs whose physical abnormalities make it impossible for them to lead a happy life  pugs with pushed-in faces who can barely breathe, Cavalier King Charles spaniels whose brains are too big for their skulls and bulldogs who can't even mate without assistance, to name just a few examples.</p>\n</blockquote>\n<p>The campaign says that this culture of breeding also have wider implication for canine welfare, pointing out that breeders may receive thousand of pounds for pedigree puppies with a low quality of life, while many healthy dogs remain in animal shelters. </p>\n<p>It is asking its supporters <a href="https://secure.peta.org.uk/page/18506/action/1" target="_blank" title="PETA: Channel 4 contact crufts complaint">to contact Channel 4</a> and ask it to stop airing the show.</p>\n	54	\N	8000000000	1	10	f	f	ethicalconsumer.json#11	\N
\N	Dogs4Us	<p>Dog4Us is a puppy warehouse located in Leeds and Manchester. Organisers based their campaign on information exposed by BBC Panorama, such a selling fake Pedigri pups and seriously ill dogs, buying from cruel puppy farms and selling untraceable dogs from unlicensed breeders.</p>\n<p>The campaign points out that Dog4Us breaks government advice to never buy a puppy unless you see it with its mother. It asks its followers to adopt a puppy instead, from the many currently housed in animal shelters.</p>\n<p>The boycott has held protests outside parliament calling for a ban on the sale of puppies in pet shops and other third-party dealers. It has gained backing from many politicians in both Manchester and Leeds.</p>\n	55	\N	8000000000	1	10	f	f	ethicalconsumer.json#12	\N
\N	Ecover	<p>Naturewatch Foundation launched a boycott call against Ecover in April 2018, over the brand's links to companies that test products on animals. In December 2017, Ecover and its sister company Method were purchased by SC Johnson, a US company that openly admits to testing on animals and owns other non <a href="https://naturewatch.org/" target="_blank">Naturewatch</a>-endorsed household cleaning brands such as Duck, Shout, Glade, Pledge and Windex.</p>\n<p>Caroline Ruane, Naturewatch Foundation CEO, said:</p>\n<blockquote><p><em>It's hugely disappointing to compassionate shoppers when favourite brands compromise their cruelty free credentials by selling out to multinationals that continue to benefit from animal testing. </em></p>\n</blockquote>\n<p>The boycott has since seen some success with Ecover and Method committing to use their influence to convince SC Johnson to go cruelty-free. However, SC Johnson is yet to do so, and Naturewatch Foundation is asking compassionate consumers to boycott all SC Johnson brands, including Ecover and Method, until the entire company is cruelty-free. <a data-entity-type="node" data-entity-uuid="4f1e4bae-c158-441c-baae-b8fc098e0901" href="/home-garden/ecover-and-method-boycott" title="Ecover and Method Boycott">Read more about the boycott.</a></p>\n	56	\N	8000000000	1	10	f	f	ethicalconsumer.json#13	\N
\N	Herms	<p>PETA are calling for a boycott of Herms which sells luxury bags and belts using skin from reptiles. Alligators and crocodiles are factory farmed and brutally slaughtered for 'luxury' fashion. </p>\n<p><a href="https://investigations.peta.org/crocodile-alligator-slaughter-hermes/" target="_blank" title="PETA: Crocodile and Alligator Investigation">PETA investigated</a> the conditions in which crocodiles and alligators were kept on leather farms, in Texas and Zimbabwe. It found that "Alligators are packed in dank pools and crocodiles are crowded in barren concrete pits for months or even years before finally being slaughtered for their skins." The animals are killed at a young age, often when they are just one, and using inhumane methods. They are often shot or cut into while still conscious and able to feel pain. </p>\n<p>"There is no justification for supporting such blatant cruelty." <a href="https://investigations.peta.org/crocodile-alligator-slaughter-hermes/" target="_blank" title="PETA: Crocodile and Alligator Investigation">The campaign asks</a> its supporters to contact Herms demanding that it stop buying and selling crocodile and alligator skin accessories, and saying that it will be boycotting the company until them.</p>\n	63	\N	8000000000	1	10	f	f	ethicalconsumer.json#20	\N
\N	House of Fraser	<p>PETA is <a href="https://secure.peta.org.uk/page/52202/action/1" target="_blank" title="PETA - House of Fraser Boycott">calling for a boycott of House of Fraser</a>, after the chain's new owner, Sports Direct International, reversed the company's no-fur policy, despite the poor treatment of animals within the fur industry. The company was said to be selling fur from rabbits and raccoons.</p>\n<p>Animals within the fur industry sometimes face lifelong confinement in cramped cages, and are often killed using inhumane methods. The campaign stated: "It's a colossal step backwards, as 95% of Brits refuse to wear real fur"</p>\n<p>PETA is asking for consumers to <a href="https://secure.peta.org.uk/page/52202/action/1" target="_blank" title="PETA - House of Fraser boycott">write the the company</a> and declare their intention to boycott the chain until the no-fur policy is reinstated. Write to the company <a href="https://secure.peta.org.uk/page/52202/action/1" target="_blank" title="PETA - House of Fraser boycott">here</a>.</p>\n	65	\N	8000000000	1	10	f	f	ethicalconsumer.json#22	\N
\N	Fortnum and Mason	<p>PETA called for a boycott against Fortnum and Mason for selling foie gras. The luxury food is made from the liver of geese or ducks that have been specially fattened. This is done through force-feeding, using a feeding tube to give the bird corn. Ducks have to be force-fed twice and geese between three or four times a day. Their livers swell up to ten time their normal size, which means that they press against the birds' lungs, causing difficulty breathing.</p>\n<p>In 2012, PETA UK did an undercover investigation into the Sarlat Perigord cooperative, from which Fortnum &amp; Mason's distributor sources foie gras. It says:</p>\n<blockquote><p>These intelligent, gentle birds are condemned to spend the last weeks of their life in small, barren pens, where they are forced to stand 24 hours a day on metal grating as their urine and faeces build up underneath. The geese panic and struggle as they are roughly grabbed by the throat and a metal pipe is forced down their throats so that huge amounts of grain can be pumped into their stomachs.</p>\n</blockquote>\n	60	\N	8000000000	1	10	f	f	ethicalconsumer.json#17	\N
\N	Fourpure Brewing, Brooklyn Lager and Kirin beer	<p>The International Campaign for the Rohingya (IRC) has called for a boycott of Kirin Group over its links with the military in Myanmar (Burma). IRC says the company is legitimizing the military and <a href="https://actionnetwork.org/petitions/tell-kirin-end-your-partnership-with-burmas-army" target="_blank">providing them with profits as they face accusations of genocide</a> in the UNs top court.</p>\n<p>Kirin Group is a Japanese conglomerate, specialising in food, drink and healthcare products. It <a href="https://burmacampaign.org.uk/take-action/kirin/" target="_blank">operates a brewery company as a joint venture with the Union of Myanmar Economic Holdings</a>, a company controlled by, and for the benefit of, the Burmese military, which carried out an ethnic cleansing campaign against the Rohingya in 2017.</p>\n<p>The Japanese multinational also admitted that its subsidiary made donations totalling USD $30,000 to the military and authorities during the ethnic cleansing. The first donation was made <a href="https://www.amnesty.org/en/latest/news/2018/06/japan-investigate-brewer-kirin-over-payments-to-myanmar-military-amid-ethnic-cleansing-of-rohingya/" target="_blank">to the militarys Commander-in-Chief during a televised ceremony</a>, in which he said it would be used in part to fund security personnel and state service personnel.</p>\n<p>Seema Joshi, Head of Business and Human Rights at Amnesty International stated,</p>\n<blockquote><p>It beggars belief that any international investor would make donations to Myanmars military, at a time when those very forces were carrying out ethnic cleansing.</p>\n</blockquote>\n<p>Kirin owns Fourpure Brewing Company in the UK, as well as a 24% stake in Brooklyn Breweries, owner of Brooklyn Lager. Its Kirin Ichiban beers are also sold in the UK.</p>\n<p>The company appears on <a href="https://burmacampaign.org.uk/take-action/dirty-list/" target="_blank">the Burma Campaigns Dirty List</a>, which names international corporations doing business with the military or involved in projects linked to human rights violations or environmental destruction in the country. <a data-entity-type="node" data-entity-uuid="41ba3b80-92c7-4109-bb20-050dc89e6d59" href="/company-profile/apple-inc" title="Apple Inc">Apple</a>, <a data-entity-type="node" data-entity-uuid="0bac8297-d6e4-4450-a543-fb3f0cd0b345" href="/company-profile/google-llc" title="Google LLC">Google</a>, <a data-entity-type="node" data-entity-uuid="1f8cae73-906d-4733-95b4-ec44bb58e429" href="/company-profile/facebook-inc" title="Facebook Inc">Facebook</a>, <a data-entity-type="node" data-entity-uuid="f4667baf-da56-427e-af5f-cf1e84d85021" href="/company-profile/huawei-technologies-co-ltd" title="Huawei Technologies Co., Ltd.">Huawei</a> and <a data-entity-type="node" data-entity-uuid="b2d6b229-9961-49c4-b3b7-ceab4927be22" href="/company-profile/toshiba-corp" title="Toshiba Corp">Toshiba</a> also feature on the list.</p>\n	61	\N	8000000000	1	10	f	f	ethicalconsumer.json#18	\N
\N	Fox News	<p>Fox News faces a boycott call over its hate speech and fake news. TrueUSA is <a href="https://www.trueusa.org/boycott" target="_blank" title="TrueUSA - Fox boycott">calling on all advertisers to boycott</a> the news corporation, and consumers to boycott brands that continue advertising with it. It says:</p>\n<blockquote><p>Were demanding integrity from the brands to which we give our money. Fox News has proven itself again and again, from <a href="https://www.mediamatters.org/sean-hannity/flashback-how-fox-news-promoted-trumps-birtherism">birtherism </a>to the <a href="https://www.rollingstone.com/politics/politics-news/wikileaks-and-fox-news-are-silent-on-the-debunked-seth-rich-conspiracy-theory-825686/" target="_blank">vile Seth Rich smear</a> to the <a href="https://www.independent.co.uk/news/world/americas/us-politics/tucker-carlson-twitter-blm-democrats-militia-police-black-lives-matter-a9557251.html">demonizing of Black Lives Matter</a>, to be the most powerful outlet for hate, fear, and propaganda in America.</p>\n</blockquote>\n<p>TrueUSA asks consumers to pick four brands still advertising with the corporation, and send them a message letting them know, "If they sponsor Fox, we'll shop elsewhere." According to the campaign, <a href="https://www.trueusa.org/boycott" target="_blank" title="TrueUSA - Fox boycott">advertisers include</a> everyone from Subaru and Verizon, to Amazon and Booking.com. Find the full list <a href="https://www.trueusa.org/boycott" target="_blank" title="TrueUSA - Fox boycott">here</a>.</p>\n	62	\N	8000000000	1	10	f	f	ethicalconsumer.json#19	\N
\N	HP Inc.	<p>The BDS Movement has <a href="https://bdsmovement.net/boycott-hp" target="_blank" title="BDS- HP Boycott">called for a boycott</a> of both Hewlett-Packard Enterprise (HPE) and HP Inc. HPE and HP Inc. have been two separate businesses since 2015, but BDS says "Both HP-branded corporations remain complicit in Israeli apartheid and settler colonialism."</p>\n<p>HP Inc is contracted as the exclusive provider of personal computers to the Israeli military, which BDS says it uses "within the context of ongoing war crimes and systematic oppression of the Palestinian people. HP has been supplying the Israeli military since 2009, with its most recent contract signed in 2014, extendable through 2019."</p>\n<p>HP previously developed the BASEL system, a biometric identification system for use at Israeli checkpoints in the West Bank, which controls Palestinian movement through a system of ID cards and biometric information. It also worked with the Israeli military, maintaining its IT infrastructure, while it imposed a naval blockade of the Gaza strip. BDS states:</p>\n<blockquote><p>For these and other past ties of complicity with Israels occupation, apartheid and settler-colonialism, HP-branded companies must provide reparations to the Palestinian victims of these crimes.</p>\n</blockquote>\n<p>More than 1.7 million people have signed a petition calling on HP to end its role in Israeli apartheid, and several US churches have voted to divest. Read more about the <a data-entity-type="node" data-entity-uuid="f888b6a5-cbcb-46ed-acbb-7af19abd9aa8" href="/ethicalcampaigns/boycotts/israel-boycott" title="Israel Boycott">Israeli apartheid Boycott here</a>.</p>\n	66	\N	8000000000	1	10	f	f	ethicalconsumer.json#23	\N
\N	HSBC	<p>The Palestine Solidarity Campaign is calling for a boycott of HSBC over its funding of weapons and technology companies selling to the Israeli state. In July 2017, War on Want released a report which found that HSBC had provided 19.3 billion in loans to and <a data-entity-type="node" data-entity-uuid="2a2bd0c0-d0b6-40e3-b662-51addf4a763b" href="/money-finance/israel-deadly-investments" title="Israel and 'Deadly Investments'">held 832 million in shares for companies supplying Israel</a> with arms.</p>\n<p>In 2018, HSBC <a href="https://waronwant.org/media/bds-victory-hsbc-divests-elbit" target="_blank">divested from Elbit Systems</a>, Israels largest military company and supplier of drones to the Israeli state. However, as of 2020, the company <a data-entity-type="node" data-entity-uuid="2a2bd0c0-d0b6-40e3-b662-51addf4a763b" href="/money-finance/israel-deadly-investments" title="Israel and 'Deadly Investments'">continued to hold shares in Caterpillar, Boeing, Lockheed Martin and Raytheon</a>  all of which were linked by War on Want to the oppression of Palestine.</p>\n<p>The companies supply everything from bulldozers used in the demolition of Palestinian homes (Caterpillar) to fighter jets and missiles previously used against civilians (Lockheed Martin). The campaign says:</p>\n<blockquote><p><q>HSBC must end its complicity in Israels gross violations of international law and Palestinian human rights by severing its relationship with companies that supply Israel with weapons and technology, like Caterpillar.</q></p>\n</blockquote>\n	67	\N	8000000000	1	10	f	f	ethicalconsumer.json#24	\N
\N	Block money flows of extremist Polish Catholicism groups	<p>Under Mr Kaczyski, PiS has pioneered a politics that weaponises Christianity in the service of an illiberal nationalism that targets minorities and flouts European norms.</p>\n<a href="https://www.theguardian.com/commentisfree/2020/dec/02/the-guardian-view-on-polands-catholics-losing-faith-in-their-church">Introduction 1</a><br>\n<a href="https://www.youtube.com/watch?v=mNg02F6FY_0">Introduction 2</a><br>\n<a href="https://www.euronews.com/2018/02/08/catholic-nationalism-the-church-of-the-far-right-in-poland">Some pointers</a><br><br>\n<p>\nMore research into money and power flows is needed, so we could have a little overview here and write down specific ways to boycott specific companies etc.</p>	84	\N	100000000	5000000	10000000	f	f	\N	\N
\N	Kellogg&#039;s	<p>GMO-Free USA has called a boycott of Kellogg's over the company's use of GMOs. The organisation stated that it had tested two Kellogg's cereal products, both of which were found to contain GMOs and glyphosate, the active chemical ingredient in Monsanto's Roundup herbicide. The campaign claims:</p>\n<blockquote><p>Kelloggs actively fought against food transparency and contributed nearly $2 million to propaganda campaigns to defeat citizens ballot initiatives for mandatory GMO labeling in California, Washington, Oregon and Colorado.</p>\n</blockquote>\n<p>The campaign says that Kelloggs spent over $3.6 million lobbying the US government in 2013 and 2014 to fight mandatory GMO labelling, something which it says that over 90% of all Americans want. It says that the pesticides and herbicides that the company used "deplete the soil, harm earthworms and other beneficial non-target organisms, and put the Monarch butterfly, bees and other species in jeopardy."</p>\n<p>The campaign is also targeting Kellogg's due to that fact that it 'heavily markets to children'. <a href="https://gmofreeusa.org/take-action/boycott-kelloggs/" target="_blank" title="GMO Free: Kellogg's Boycott">It asks its supporters to contact the company</a> about its GMO ingredients and lobbying. Thousands of people have signed the petition.</p>\n	69	\N	8000000000	1	10	f	f	ethicalconsumer.json#26	\N
\N	Boycott all websites that use "Font Awesome" and other "icon font" shenanigans	<p>\nSuch websites are tedious for people using screenreaders, as well as for anyone who prefers not to have their computers bombarded by random fonts from the internet. This practice is inherently anti-accessibility, and, in well-funded organizations, reveals an absolute lack of reasonable thought. It has no place in civilized society, and we will treat it as such. \n</p>\n<p>\nfurther explanation:\nhttps://cloudfour.com/thinks/seriously-dont-use-icon-fonts/\n<br>\nhttps://speakerdeck.com/ninjanails/death-to-icon-fonts?slide=16\n<br>\nhttps://thomasbyttebier.be/blog/the-best-icon-is-a-text-label\n<br>\nhttps://www.nngroup.com/articles/icon-usability/#\n<br>\nhttps://ux.stackexchange.com/questions/14823/accessibility-and-the-use-of-font-characters-for-icons\n</p>\n<p>\nThis is a catch-all campaign to discuss and to judge interest. Later, we will focus on individual websites and push for selected practical solutions and methods of enforcement through other, associated campaigns.\n</p>\n<p>\n(This is just a demo/test campaign for fun and to let off some steam. But there's no reason not to let it slowly collect votes anyway..\n</p>\n	33	\N	8000000005	1	8000000	f	f	\N	\N
\N	L&#039;Oral	<p>Naturewatch Foundation has a long-standing boycott of L'Oral due to its continued use of animal testing for cosmetics. The French multinational uses ingredients that have been tested on animals, despite public statements to the contrary. It has also been criticised for lobbying against an EU ban on animal testing for cosmetics.</p>\n<p>In 2003, L'Oral was <a href="https://www.theguardian.com/world/2003/aug/19/eu.businessofresearch" target="_blank" title="The Guardian: France challenges EU animal testing law">also reported</a> to be part of the European Federation for Cosmetics Ingredients, a coalition of 70 European cosmetics companies. The organisation launched a legal challenge in the European Courts against the EU's ban on animal testing for cosmetics. </p>\n<p>Naturewatch Foundation has organised protests and other actions against L'Oral. In 2017, it <a data-entity-type="node" data-entity-uuid="6439c546-5b48-404a-b678-5c22c62308df" href="/health-beauty/success-body-shop-boycott" target="_blank" title="Success for the Body Shop Boycott">lifted its boycott call</a> against The Body Shop, a former subsidiary of L'Oral, after the company was purchased by Natura. Natura responded to Naturewatch Foundation's calls for a rigorous and transparent animal testing policy and has now been endorsed as a cruelty-free brand. However, the campaign against L'Oral continues.</p>\n	70	\N	8000000000	1	10	f	f	ethicalconsumer.json#27	\N
\N	Made in China	<p>The Tibetan Youth Congress (TYC) have launched a <a href="https://www.tibetanyouthcongress.org/2020/09/global-movement-to-boycott-made-in-china/" target="_blank" title="Tibetan Youth Congress - Global Movement to Boycott Made in China">Global Movement to Boycott Made in China</a>, "to raise awareness about the atrocities committed by the Communist Party of China." The movement outlines <a href="https://www.tibetanyouthcongress.org/wp-content/uploads/2020/09/Final-scaled.jpg" target="_blank" title="Global Movement to Boycott China - press release">four key reasons</a> for the boycott call.</p>\n<ol>\n<li>Human rights abuses: "When we buy good manufactured in Communist China, we are innocently contributing to a system that imprisons and oppresses anyone who speaks out".</li>\n<li>Supporting China's military build up: "Every time a consumer buys a product that is 'Made in China' that money helps finance what is essentially the most rapid build up of an expansionist and aggressive totalitarian regime. In fact, thousands of factories and sweatshops are directly owned and operated by the CCP military."</li>\n<li>Outbreak of Coronavirus: "China hid facts, destroyed evidence and thus deprived the international community of crucial information during the critical initial period."</li>\n<li>Intrusion of Chinese troops onto Indian soil: in the Galwan Valley, which resulted in the killing of 20 Indian soldiers.</li>\n</ol>\n<p>Tibetan civil society organisations have <a href="https://tibettruth.com/boycott-china/" target="_blank" title="Tibet Truth - Boycott China">previously called for a boycott</a> of products made in China in protest against the conditions in which some Chinese manufactured goods are made, "by the millions of prisoners in China's forced labour camps."</p>\n	71	\N	8000000000	1	10	f	f	ethicalconsumer.json#28	\N
\N	Merlin - Sea Life Centres	<p>The <a href="http://sea-lies.org.uk/" target="_blank">Sea Lies campaign</a> is calling for a boycott of all Merlin Entertainment brands due to their treatment of captive animals in their aquariums, which include: Alton Towers, Blackpool Tower, Chessington World of Adventures, Eye attractions (e.g. London Eye), Legoland, The Dungeons (e.g. London Dungeons), Madame Tussauds, SEA LIFE Aquariums, Thorpe Park, and Warwick Castle. The campaign is run by <a href="https://www.freedomforanimals.org.uk/" target="_blank" title="Freedom for Animals">Freedom for Animals</a>. </p>\n<p>In 2013, the Freedom for Animals (then known as Captive Animals' Protection Society) commissioned an investigation into the Sea Life chain of aquariums. <a href="http://sea-lies.org.uk/wp-content/uploads/2014/04/SEA-LIES-Summary-Report-CAPS-20141.pdf" target="_blank" title="Sea Lies Summary report">The resulting report</a> accused the company of taking animals from the wild to populate its aquariums, despite claiming that it would "never get any animal from the sea because we find it cruel". Sea Life was said to permit the killing of healthy animals because they were surplus to requirements or too large to house provided that it was first discussed by the company's Ethical Committee. The chain's parent company was also found to have purchased three other aquariums that housed dolphins or whales in confined conditions.</p>\n<p>The campaign also raises wider animal welfare concerns and says that fish in the aquariums demonstrated stressed behaviours prompted by their lack of space. </p>\n	72	\N	8000000000	1	10	f	f	ethicalconsumer.json#29	\N
\N	Method	<p>Naturewatch Foundation launched a boycott call against Method in April 2018, over the company's links to companies that test products on animals. In December 2017, Method and its sister company Ecover were purchased by SC Johnson, a US company that openly admits to testing on animals and owns other non <a href="https://naturewatch.org/" target="_blank">Naturewatch</a>-endorsed household cleaning brands such as Duck, Shout, Glade, Pledge and Windex.</p>\n<p>Caroline Ruane, Naturewatch Foundation CEO, said:</p>\n<blockquote><p><em>It's hugely disappointing to compassionate shoppers when favourite brands compromise their cruelty free credentials by selling out to multinationals that continue to benefit from animal testing. </em></p>\n</blockquote>\n<p>The boycott has since seen some success with Ecover and Method committing to use their influence to convince SC Johnson to go cruelty-free. However, SC Johnson is yet to do so, and Naturewatch Foundation is asking compassionate consumers to boycott all SC Johnson brands, including Ecover and Method, until the entire company is cruelty-free. <a data-entity-type="node" data-entity-uuid="4f1e4bae-c158-441c-baae-b8fc098e0901" href="/home-garden/ecover-and-method-boycott" title="Ecover and Method Boycott">Read more about the boycott.</a></p>\n	73	\N	8000000000	1	10	f	f	ethicalconsumer.json#30	\N
\N	Nestl	<p>Nestl has been the subject of boycott calls around the world since the 1970s for its irresponsible marketing of baby milk formula. It is accused of <a href="http://www.babymilkaction.org/nestlefree" title="Baby Milk Action: Nestl Free">"contributing to the unnecessary death and suffering of infants"</a> through its aggressive marketing practices, which promote baby milk formula as a superior option to breastfeeding despite evidence to the contrary.</p>\n<p>The use of formula has been linked to many issues: from increased prevalence of water-borne diseases, where parents do not have access to clean drinking water, to poverty and malnutrition, due to its high cost. As a result, the World Health Assembly has written a strict International Code of Marketing of Breast Milk Substitutes. However, <a href="http://www.babymilkaction.org/monitoring-global" target="_blank" title="IBFAN - Global Monitoring">reports</a> show that Nestl continues to violate the code. </p>\n<p>Nestl also faces boycott calls from the non-profit <a href="https://canadians.org/nestle" target="_blank" title="Council of Canadians Nestl boycott">The Council of Canadians</a> and and indigenous rights organisation the <a href="https://www.lakotalaw.org/our-campaigns/boycott-divest" target="_blank" title="Lakota People's Law Project Nestl boycott">Lakota People's Law Project</a> over its extraction of scarce water sources. The organisations say that Nestl continues "<a href="https://canadians.org/nestle" target="_blank">to pump millions of litres of water from watersheds"</a> despite serious droughts in recent years, and <a href="https://www.lakotalaw.org/news/2018-06-13/the-case-against-nestle" target="_blank">"to act beyond the boundaries of ecological protection and basic human dignity.</a>"</p>\n	74	\N	8000000000	1	10	f	f	ethicalconsumer.json#31	\N
\N	Puma	<p>The #BoycottPuma campaign was <a href="https://bdsmovement.net/get-involved/what-to-boycott" target="_blank">launched by Palestinian athletes in 2018 after 200 Palestinian sports clubs sent a letter to the company</a> urging it to end its sponsorship of the Israel Football Association (IFA). The IFA includes teams based in illegal Israeli settlements on Palestinian territories.</p>\n<p>The UNs special adviser on sport for development and peace, and several human rights organisations, have previously called on Fifa to ban the six settlement teams. <a href="https://bdsmovement.net/boycott-puma" target="_blank" title="BDS - Boycott Puma">BDS says</a> that "Pumas sponsorship brings international legitimacy to the IFAs actions."</p>\n<p>The campaign also highlights the <a href="https://bdsmovement.net/news/more-200-palestinian-sports-clubs-urge-puma-end-sponsorship-israeli-teams-illegal-settlements" target="_blank">abusive treatment of Palestinian footballers, who it says are routinely attacked, imprisoned and killed</a>, and denied freedom of movement and the right to attend matches.</p>\n<p><a href="https://www.business-humanrights.org/en/palestinian-football-clubs-urge-adidas-to-cut-ties-with-the-israel-football-association-over-illegal-settlement-teams" target="_blank">In July 2018, Adidas announced that it would no longer be sponsoring the IFA</a>, following an international campaign and a petition of over 16,000 signatures. BDS calls on Puma to follow suit.</p>\n	77	\N	8000000000	1	10	f	f	ethicalconsumer.json#34	\N
\N	Sabra Hummus	<p>Sabra hummus brand is part-owned by The Strauss Group. The Strauss Group is Israel's second biggest food company and has been identified as a target of the <a href="https://bdsmovement.net/get-involved/what-to-boycott" target="_blank" title="BDS - What to boycott">BDS movement, which stated: "</a>Sabra hummus is a joint venture between PepsiCo and the Strauss Group, an Israeli food company that provides financial support to the Israel Defense Forces."</p>\n<p>The company was originally targetted over its support for two notorious Israeli military units, Golani and Givati. These brigades committed atrocities during Israel's 2009-10 deadly assault on Gaza. Their members were known to use <a href="http://mondoweiss.net/2009/03/racist-and-sexist-military-shirts-show-the-fruits-of-israeli-militarism/" target="_blank" title="Racist and sexist Israeli military shirts show the mindset that led to war crimes in Gaza">horrific imagery on t-shirts</a>, such as a pregnant Palestinian woman in a sniper's cross-hairs, with the slogan one shot, two kills.  The company previously claimed to have "adopted the two platoons and provided the soldiers with food and personal care packages. </p>\n<p>Sabra hummus is sold by retailers in the UK including Sainsburys and Tesco. Sabra is also owned by PepsiCo, which manufactures Sabra products in the USA. Read our article on the Israel boycott here.</p>\n	78	\N	8000000000	1	10	f	f	ethicalconsumer.json#35	\N
\N	Wendy&#039;s	<p>The boycott was called after Wendy's refused to join the Fair Food Program (FFP). The campaign says:</p>\n<blockquote><p>For over seven years, hundreds of thousands of farmworkers with the <a href="http://ciw-online.org">Coalition of Immokalee Workers</a> (CIW) and their consumer allies have demanded verifiable protections against sexual violence, forced labor and other human rights abuses in Wendys supply chain by joining the Presidential Medal-winning <a href="http://www.fairfoodprogram.org">Fair Food Program</a>.</p>\n</blockquote>\n<p>The FFP is a social responsibility program that addresses decades-old farm labour abuses, faced by essential migrant workers. All Wendy's major competitors such as McDonalds, Burger King, Subway and Taco Bell have signed up. Those that sign up agree to purchase exclusively from suppliers meeting the code of conduct including a zero-tolerance policy for slavery and sexual harassment. The boycott has been <a href="http://www.boycott-wendys.org/endorsements/" target="_blank" title="Boycott Wendy's endoresements">backed by multiple individuals and organisations</a>.</p>\n<p>The campaign says that Wendy's has bowed to pressure from the national boycott, moving its tomato purchasing away from Mexico's abusive industry to greenhouse operations in the U.S. and Canada, but that "Wendys assurances that working conditions are fine in their greenhouse suppliers operations ring hollow when compared to the<a href="http://calgaryherald.com/entertainment/movies/new-documentary-reveals-harsh-world-of-migrant-workers-in-canadian-greenhouses" target="_blank"> hard evidence</a> of harsh conditions faced by workers in greenhouses".</p>\n	82	\N	8000000000	1	10	f	f	ethicalconsumer.json#39	\N
\N	End Xiaomi.	<a href="https://palant.info/2020/05/04/are-xiaomi-browsers-spyware-yes-they-are.../#what-is-being-collected">https://palant.info/2020/05/04/are-xiaomi-browsers-spyware-yes-they-are.../#what-is-being-collected</a>	86	\N	8000000000	8	50000000	f	f	\N	\N
\N	aaaaaaaaaaaa	1111111111111111	102	\N	8000000000	8	3	f	t	\N	\N
\N	ccc<script>sss</script>	aahaha <html>!!!!! </body>\n!!!@#@#@ <br> <br> !!!!	105	\N	8000000000	8	800	f	t	\N	\N
\N	Teamviewer - intentional security hazard or hilariously bad engineering?	Ever installed teamviewer on linux, and no matter how many settings you uncheck, teamviewerd process is always running?\n\nThis campaign could be a start of a journey to a better solution.	106	\N	8000000000	8	800	f	f	\N	\N
\N	Ahava Dead Sea Laboratories	<p>CODEPINK, the US women's anti-war movement, has launched the <a href="http://stolenbeauty.org/" target="_blank">'Stolen Beauty'</a> campaign targeting Ahava Dead Sea Laboratories for its involvement in the occupied territories.</p>\n<p>Regular bi-weekly protests in London have resulted in the flagship Ahava store losing it's lease. A number of small independent stores have dropped Ahava from inventory  among them the gift shop at the National Cathedral in Washington D.C.and the U.N. Commissary in Vienna. In 2009, the organisation pressured Oxfam into suspending actress and Ahava spokes model Kristen Davis from publicity work as an Oxfam Goodwill Ambassador in 2009 for the duration of her contract with Ahava.</p>\n<p>Ahava's labeling practices have been scrutinised by officials in England, the Netherlands, France, and most recently in South Africa, and more than 10,000 people have pledged to boycott the company. Read more about the <a data-entity-type="node" data-entity-uuid="f888b6a5-cbcb-46ed-acbb-7af19abd9aa8" href="/ethicalcampaigns/boycotts/israel-boycott" title="Boycott of Israeli apartheid">Israel boycott</a> here.</p>\n	44	\N	8000000000	1	10	f	t	ethicalconsumer.json#1	\N
\N	campaign1616189408008	lorem ipsum lorem ipsum lorem ipsum lorem ipsum lorem ipsum lorem ipsum lorem ipsum lorem ipsum lorem ipsum lorem ipsum lorem ipsum lorem ipsum lorem ipsum lorem ipsum lorem ipsum lorem ipsum lorem ipsum lorem ipsum lorem ipsum lorem ipsum lorem ipsum lorem ipsum lorem ipsum lorem ipsum lorem ipsum lorem ipsum lorem ipsum lorem ipsum lorem ipsum lorem ipsum 	104	\N	8000000000	8	800	f	t	\N	\N
\N	AXA	<p>The Stop AXA Assistance to Israeli Apartheid coalition has called for a boycott of the insurance company over its links to Israeli banks involved in illegal settlements on Palestinian territories. AXA holds investments worth $7 million in three Israeli banks, which provide mortgage loans for settlers and financial services to settlements local authorities for building projects.</p>\n<p>AXA, which is the second biggest insurance company worldwide, was found to have tripled total investments in the banks since 2019. <a href="https://bdsmovement.net/news/axa-triples-investment-israeli-banks-financing-illegal-settlements-eve-annexation" target="_blank" title="BDS - AXA">All three banks are listed</a> in the UNs recently published database of companies that are complicit in Israels illegal settlements in the Occupied Palestinian Territory.</p>\n<p>According to the Boycott, Divestment and Sanctions Movement, <a href="https://bdsmovement.net/news/axa-triples-investment-israeli-banks-financing-illegal-settlements-eve-annexation" target="_blank" title="BDS - AXA">which backs the call</a>, Without these banks many of the illegal Israeli settlement projects would have difficulty being implemented.</p>\n	47	\N	8000000000	1	10	f	t	ethicalconsumer.json#4	\N
\N	Caterpillar	<p>BDS has called for a boycott of Caterpillar for selling bulldozers to Israel in full knowledge that they will be armoured and used to destroy Palestinian homes, infrastructure and agriculture in the Occupied Palestinian Territories. Without selling a single bomb, gun or F16 fighter, Caterpillar has been supplying the Israeli military with its key weapon, in the words one Israeli commander", according to <a href="http://electronicintifada.net/content/caterpillar-making-killing-palestine/5522" target="_blank" title="ElectronicIntifada: Catepillar boycott">an article</a> on the Electronic Intifada website.</p>\n<p>D-9 bulldozers have been used to destroy agricultural farms, greenhouses, ancient olive groves.. numerous Palestinian homes and sometimes human lives, <a href="http://electronicintifada.net/content/caterpillar-making-killing-palestine/5522" target="_blank" title="ElectronicIntifada: Catepillar boycott">according to</a> the United Nations Special Rapporteur on the right to food.</p>\n<p>The boycott campaign has seen several major success, including the Church of England's decision to divest its 2.2 million holding in Caterpillar.</p>\n	52	\N	8000000000	1	10	f	t	ethicalconsumer.json#9	\N
\N	Everysight	<p>CODEPINK, the US women's anti-war movement, is calling for a boycott of Everysight Raptor cycling glasses, over its owner Elbit System's supply of arms to the Israeli military.</p>\n<p><a href="https://www.codepink.org/everysight" target="_blank" title="Everysight - CODEPINK">The campaign says</a>: "Through the Everysight Raptor, Israels largest weapons manufacturer Elbit Systems has brought its the technology of repression to the general public by selling augmented reality glasses to cyclists so they can ride their bicycle like a fighter jet pilot.</p>\n<p>"<a href="https://www.codepink.org/everysight" target="_blank" title="Everysight - CODEPINK">Everysight</a>, a new cycling technology brand, is 100% owned by Elbit Systems. It uses the very Elbit technology and hardware that is found in their fighter jets, which are instrumental in Israeli war crimes against the Palestinian people in Gaza and in constructing militarized borders around the globe. </p>\n<p>"Elbit Systems has been involved in all of the major Israeli assaults against the Palestinian people in Gaza, including the 2008-2009 assault which killed over 1,400 people, the 2011 assault which killed over 150 people, and the 2014 assault which killed over 2,000 people. In each of these bombing campaigns, the majority of those killed were civilians, including in 2014 when over 550 children were killed by Israel."</p>\n	57	\N	8000000000	1	10	f	t	ethicalconsumer.json#14	\N
\N	Facebook	<p>Stop Hate for Profit is calling on Facebook to stop the spread of racism, hate, violence and misinformation about voting across their platforms. <a href="https://www.stophateforprofit.org/demand-change" target="_blank" title="Stop Hate for Profit - Demand Change">Demands include</a> taking down groups focused on white supremacy, militia, antisemitism, Islamophobia and violent conspiracies; removing misinformation related to voting that has been debunked by credible fact checkers; and prohibiting calls to violence by politicians in any format. <a href="https://www.stophateforprofit.org/faq" target="_blank" title="Stop Hate for Profit - FAQ">The organisation says</a>:</p>\n<blockquote><p>Facebooks policies and enforcement on hate speech, incitement to violence, and misinformation are astonishingly weak, and disproportionately harm BIPOC and LGBTQ+ users.</p>\n</blockquote>\n<p>In July 2020, the coalition - which includes thousands of businesses as well as civil society groups and nonprofits such as NAACP, Color of Change and Sleeping Giants - called on companies to pause advertisements on the site. Over 1100 companies joined the boycott. In response, Facebook has taken limited action, including beginning to address some of the most hateful movements using its site, publishing its civil rights audit and establishing a team to study algorithmic racial bias. However, the campaign says that the company "has failed to address our core demands meaningfully."</p>\n<p>Some companies including Lego, Coca-Cola and HP have since <a href="https://fortune.com/2020/11/07/facebook-ad-boycott-big-brands-lego-clorox-verizon-microsoft-hp/" target="_blank" title="The Facebook ad boycott ended months ago. But some big companies continue the fight">continued to boycott the site</a>.</p>\n	58	\N	8000000000	1	10	f	t	ethicalconsumer.json#15	\N
\N	FedEx	<p>CCTHITA (<a href="http://www.ccthita.org/info/press/releases/2015releases/NR_06252015_CentralCounciltoBoycottFedExServices.pdf" target="_blank">Central Council of Tlingit and Haida Indian Tribes of Alaska</a>) have called for a boycott of FedEx for as long as they continue to sponsor the Washington Redskins - which bears a racist name. The term redskins is derived from a horrific former practice of removing the skin of Native people for the purpose of collecting bounties.</p>\n<p>Over 100 professional organizations representing civil rights, educational, athletic, and scientific experts have also recognised that the use of Native American names and / or symbols by sports teams promotes misunderstanding and perpetuates negative stereotypes.</p>\n<p>In July 2020, FedEx was said to have written to Washington Redskins requesting that they change their name, after over 87 investment firms and shareholders worth a collective $620 billion sent letters asking Nike, FedEx, and PepsiCo <a href="https://www.adweek.com/brand-marketing/investors-ask-nike-fedex-and-pepsico-to-end-relationships-with-the-washington-redskins/" target="_blank" title="Investors Ask Nike, FedEx and PepsiCo to End Relationships With the Washington Redskins">to end their financial arrangements with the team</a>.</p>\n	59	\N	8000000000	1	10	f	t	ethicalconsumer.json#16	\N
\N	campaign1615936171461	lorem ipsum lorem ipsum lorem ipsum lorem ipsum lorem ipsum lorem ipsum lorem ipsum lorem ipsum lorem ipsum lorem ipsum lorem ipsum lorem ipsum lorem ipsum lorem ipsum lorem ipsum lorem ipsum lorem ipsum lorem ipsum lorem ipsum lorem ipsum lorem ipsum lorem ipsum lorem ipsum lorem ipsum lorem ipsum lorem ipsum lorem ipsum lorem ipsum lorem ipsum lorem ipsum 	103	\N	8000000000	8	800	f	t	\N	\N
\N	Hewlett-Packard Enterprise (HPE)	<p>The BDS Movement has called for a boycott of both Hewlett-Packard Enterprise (HPE) and HP Inc. HPE and HP Inc. have been two separate businesses since 2015, but BDS says "Both HP-branded corporations remain complicit in Israeli apartheid and settler colonialism."</p>\n<p>According to BDS, HPE "<a href="https://whoprofits.org/company/hewlett-packard-enterprise-hpe/" target="_blank">provides</a> Israels Population and Immigration Authority with the exclusive Itanium servers for its Aviv System. This system enables the government to control and enforce its system of racial segregation and apartheid against Palestinian citizens of Israel, and is directly involved in Israels settler colonialism through its Yesha database, which compiles information on Israeli citizens in illegal settlements in the occupied Palestinian West Bank." It also maintains the Israeli police's data centre.</p>\n<p>HP previously developed the BASEL system, a biometric identification system for use at Israeli checkpoints in the West Bank, which controls Palestinian movement through a system of ID cards and biometric information. It also worked with the Israeli military, maintaining its IT infrastructure, while it imposed a naval blockade of the Gaza strip. BDS states:</p>\n<blockquote><p>For these and other past ties of complicity with Israels occupation, apartheid and settler-colonialism, HP-branded companies must provide reparations to the Palestinian victims of these crimes.</p>\n</blockquote>\n<p>Read more about the <a data-entity-type="node" data-entity-uuid="f888b6a5-cbcb-46ed-acbb-7af19abd9aa8" href="/ethicalcampaigns/boycotts/israel-boycott" title="Israel Boycott">Israeli apartheid boycott here</a>.</p>\n	64	\N	8000000000	1	10	f	t	ethicalconsumer.json#21	\N
\N	Israeli Apartheid	<p>The BDS movement is led by Palestinian civil society, and based on the 2005 Call for Boycott, Divestment and Sanctions against Israel Until it Complies with International Law and Universal Principles of Human Rights, which was endorsed by more than 170 Palestinian civil society networks and groups. It follows  "decades of refusal to abide by UN resolutions, International Humanitarian law and the Fourth Geneva Convention." Businesses operating in illegal Israeli settlements in Palestine have also been targeted.</p>\n<p>BDS describes itself as "a Palestinian-led movement for freedom, justice and equality. BDS upholds the simple principle that Palestinians are entitled to the same rights as the rest of humanity."</p>\n<blockquote><p>Israel is occupying and colonising Palestinian land, discriminating against Palestinian citizens of Israel and denying Palestinian refugees the right to return to their homes. Inspired by the South African anti-apartheid movement, the BDS call urges action to pressure Israel to comply with international law.</p>\n</blockquote>\n<p>The campaign has successfully persuaded governments, churches and banks to divest from companies involved in Israeli occupation, or which are operating in Israeli settlements in Palestine. It has also seen several targeted companies change their practices and break their ties with the Israeli government or relocate from settlements there. Read more about the <a data-entity-type="node" data-entity-uuid="f888b6a5-cbcb-46ed-acbb-7af19abd9aa8" href="/ethicalcampaigns/boycotts/israel-boycott" title="Boycott of Israeli apartheid">Israeli apartheid boycott</a>.</p>\n	68	\N	8000000000	1	10	f	t	ethicalconsumer.json#25	\N
\N	SodaStream	<p>SodaStream faces a boycott call over its production facilities in the illegal Israeli settlements in occupied Palestinian territories. BDS says that the company's past and current factories <a href="https://bdsmovement.net/news/%E2%80%9Csodastream-still-subject-boycott%E2%80%9D" target="_blank" title="SodaStream is Still Subject to Boycott ">are complicit</a> in Israel's policy of displacing Palestinian and Bedouin-Palestinian communities. It has also previously been <a href="https://electronicintifada.net/content/sodastream-treats-us-slaves-says-palestinian-factory-worker/12441" target="_blank" title="SodaStream treats us like slaves, says Palestinian factory worker">accused of mistreating and discriminating against</a> its Palestinian employees.</p>\n<p>In August 2018, the brand was purchased by PepsiCo. BDS renewed calls for a boycott of SodaStream, stating that its new factory continued to be actively complicit in the displacement of Bedouin-Palestinian citizens of Israel in the Naqab. The BDS National Committee told Ethical Consumer:</p>\n<blockquote><p>Far from reducing its direct contribution to human rights abuses, SodaStreams factory in the Rahat area in the Naqab (Negev) amounts to conscious participation in Israels plans to ethnically cleanse tens of thousands of Bedouin Palestinian citizens of Israel from their ancestral lands.</p>\n</blockquote>\n<p>The Israeli government has long-standing policies to force the Bedouin communities of the Naqab off of their traditional lands and into authorised townships. The 2011 Prawer Plan aimed to displace at least 40,000 people and, although it was officially put on hold in 2013, it seems that it will still be carried out in a modified form. Tens of thousands of Palestinians live in unrecognized villages in the Naqab and are denied basic services such as electricity, water and education. The boycott of the company continues. </p>\n	79	\N	8000000000	1	10	f	t	ethicalconsumer.json#36	\N
\N	NRA	<p>A boycott of the NRA was called after the organisation called for teachers to be armed in schools following the killing of 17 pupils at the Marjory Stoneman Douglas High School shooting in February 2018.</p>\n<p>The organisation also received criticism over its social media responses to the shooting. It posted "Stand and High for our Kids' Safety by Joining NRA" on its Facebook page on the day of widespread protests for gun control and aired a video on its NRATV Youtube Channel titled 'A March for Their Lies', addressing Parkland student campaigners about their involvement in the gun control marches. In March 2018, <a href="https://www.vox.com/policy-and-politics/2018/3/10/17103874/florida-shooting-nra-gun-control-age" target="_blank" title="Vox: NRA Florida lawsuit">it launched a lawsuit</a> challenging Floridas newly enacted law which bans the purchase of firearms by anyone under 21.</p>\n<p>The boycott call covers companies that do business with the NRA. It has seen <a href="https://www.ethicalconsumer.org/ethicalcampaigns/boycotts/history-successful-boycotts" title="History of successful boycotts">huge success</a>, with multiple brands include Delta Airlines, Chubb and Enterprise RentACar cutting ties.</p>\n	75	\N	8000000000	1	10	f	t	ethicalconsumer.json#32	\N
\N	Pillsbury	<p>A coalition of 21 organisations have called a boycott of Pillsbury, over its links to Israeli apartheid.</p>\n<p>The company, which is owned by General Mills, was named on the <a href="https://www.ethicalconsumer.org/transport-travel/un-publishes-list-companies-involved-israeli-settlements">UN's list of companies</a> in violation of Palestinian rights, published in February 2020. According to the report, General Mills is operating a Pillsbury factoring in the Atarot Industrial Zone, an illegal Israeli settlement in East Jerusalem.</p>\n<p>American Muslims for Palestine, which is part of the multiethnic, multifaith, diverse coalition <a href="https://ampminnesota.medium.com/why-the-pillsbury-doughboy-is-in-trouble-293f35efa982" target="_blank" title="Why the Pillsbury doughboy is in trouble">stated</a>:</p>\n<blockquote><p>The operation of this Pillsbury factory has displaced, stifled, and harmed local Palestinian land, livelihoods, and lives. It violates international law by exploiting land, water, and other resources belonging to the Palestinian people.</p>\n</blockquote>\n<p>Pillsbury sells baked goods.</p>\n	76	\N	8000000000	1	10	f	t	ethicalconsumer.json#33	\N
\N	campaign1614265415099	lorem ipsum lorem ipsum lorem ipsum lorem ipsum lorem ipsum lorem ipsum lorem ipsum lorem ipsum lorem ipsum lorem ipsum lorem ipsum lorem ipsum lorem ipsum lorem ipsum lorem ipsum lorem ipsum lorem ipsum lorem ipsum lorem ipsum lorem ipsum lorem ipsum lorem ipsum lorem ipsum lorem ipsum lorem ipsum lorem ipsum lorem ipsum lorem ipsum lorem ipsum lorem ipsum 	85	\N	8000000000	8	800	f	t	\N	\N
\N	Trump	<p>Grab Your Wallet has called a <a href="https://www.ethicalconsumer.org/retailers/boycotting-trumps-funders" title="Boycott Trump Funders">boycott of Trump</a> and those companies that are supporting him over his regressive policies on climate change and his attitude to equality and discrimination issues.</p>\n<p>In April 2020, Ethical Consumer looked at those <a data-entity-type="node" data-entity-uuid="045aee0b-5982-42bf-871d-d0ee259cf9eb" href="/ethicalcampaigns/boycotts/boycott-trump" title="Boycott Trump Funders">supporting Trump</a>, who had links to companies that were consumer facing in the UK.</p>\n<h4>UK brands with the clearest links to major Trump donors</h4>\n<ol>\n<li>Chevron (Texaco)</li>\n<li>\n<p><a data-entity-type="node" data-entity-uuid="7003a6a3-ff24-4ad6-a40f-5af58b28039d" href="/company-profile/blackstone-group-lp" title="Blackstone Group L.P. (The)">Blackstone</a> (Ancestry.com, Bumble, Badoo, and <a data-entity-type="node" data-entity-uuid="a24ee29b-759d-47d6-ae50-81c02671bb6a" href="/food-drink/should-we-boycott-oatly" title="Should we boycott Oatly?">10% of Oatly</a>)</p>\n</li>\n<li>\n<p>Oracle computer software</p>\n</li>\n<li>\n<p><a data-entity-type="node" data-entity-uuid="0874fca6-6fdb-4346-8ae2-67dbb606d675" href="/company-profile/estee-lauder-companies-inc" title="Este Lauder Companies Inc">Estee Lauder</a> cosmetics (including <a data-entity-type="node" data-entity-uuid="044ac0b4-5a89-413d-b685-742e2afc65c1" href="/company-profile/aveda" title="Aveda">Aveda</a>, <a data-entity-type="node" data-entity-uuid="82402bbc-55a7-46d3-9d9b-688cb9d782e2" href="/company-profile/bobbi-brown-essentials" title="Bobbi Brown essentials">Bobbi Brown</a>, <a data-entity-type="node" data-entity-uuid="77527314-fb34-4c72-8cc4-be9e454f1480" href="/company-profile/clinique" title="Clinique">Clinique</a>, MAC)</p>\n</li>\n</ol>\n<p>Many other companies had some links. However, these were often found to be complicated, very opaque and were from individuals - sometimes opposed by the companies themselves.</p>\n<p>In 2020, several companies were found to have severed ties with Trump. For example Les Wexner, ex-CEO of L Brands, which owns Victoria's Secret, and was previously a big donor, left the Republican party after Trumps comments regarding the far-right protest in Charlottesville.</p>\n<p>Grab Your Wallet has an up-to-date <a href="https://docs.google.com/spreadsheets/d/1q9QEq3WZQRMaII7TmEk_Fml-u-S2Y0NdL1lsoGmPxi4/edit#gid=0" target="_blank" title="Grab Your Wallet Boycott">list</a> of all companies and organisations to boycott.</p>\n	80	\N	8000000000	1	10	f	t	ethicalconsumer.json#37	\N
\N	Turkish Universities	<p>In January 2016, 2,212 academics working in, or researching on, Turkey signed a declaration calling on the Turkish government to end the war in the Kurdish region. They demanded a peaceful resolution of the decades-long Kurdish question, and allow international observers to monitor the situation in Kurdish towns and cities destroyed by security forces.</p>\n<p>Since then, the signatories, who came to be known as Academics for Peace, have been subjected to vindictive and punitive attacks from the government and the higher education establishment. They are calling for a targeted boycott of a number of academic institutions involved in these attacks.</p>\n	81	\N	8000000000	1	10	f	t	ethicalconsumer.json#38	\N
\.


--
-- Data for Name: causes; Type: TABLE DATA; Schema: public; Owner: avnadmin
--

COPY public.causes (id, title, description, maintainer_id) FROM stdin;
4			7
5			7
6			7
7			7
10			7
12			7
13			7
14			7
15			7
16			7
17			7
18			7
19			7
20			7
21			7
22			7
23			7
24			7
25			7
26			7
27			7
28			7
29			7
30			7
31			124
32			124
33			125
34			2
35			151
37			161
38			176
39			1
40			192
41			192
42			216
43			376
44			403
45			425
46			437
47			403
49			451
50			425
51			528
101			403
102			1181
\.


--
-- Data for Name: participations; Type: TABLE DATA; Schema: public; Owner: avnadmin
--

COPY public.participations (id, account_id, campaign_id, threshold, condition_is_fulfilled, confirmed) FROM stdin;
75	55	1	6	t	f
79	53	5	10	f	f
261	176	25	800	f	f
258	176	2	10	t	f
438	306	11	1	t	f
66	21	1	100	f	f
440	334	14	800	f	f
81	53	9	22	f	f
86	58	1	10	t	f
67	31	1	12	t	t
556	518	11	5	t	f
96	52	11	1	t	f
98	8	11	2	t	f
99	6	11	3	t	f
134	1	2	3	t	f
200	143	1	10	t	f
57	19	4	21321	f	f
73	35	1	3	t	f
30	8	6	60	f	f
64	47	6	100	f	f
60	28	7	66	f	f
63	47	7	1111111	f	f
61	47	8	111	f	f
58	1	8	66221231	f	f
136	43	2	1	t	f
137	48	2	1	t	f
441	334	21	800	f	f
139	45	2	1	t	f
141	24	2	1	t	f
144	53	11	1	t	f
105	55	13	1	t	f
113	60	12	800	f	f
115	60	10	800	f	f
118	60	6	10	f	f
119	60	5	10	f	f
120	60	4	10	f	f
114	60	11	1	t	f
88	60	1	10	t	f
94	55	11	10	t	f
204	150	1	10	t	f
264	179	1	10	t	t
155	7	17	800	f	f
207	151	11	1	t	f
161	7	16	800	f	f
229	3	2	10	t	t
445	216	21	800	f	f
505	334	32	800	f	f
92	36	10	2	f	f
216	156	1	10	t	f
220	159	1	10	t	f
168	7	1	100	f	f
52	3	1	22	t	t
148	7	14	100000	f	f
176	2	21	800	f	f
178	4	21	800	f	f
274	3	11	1	t	t
227	163	16	800	f	f
281	58	14	800	f	f
270	179	17	1	f	t
231	3	24	800	f	f
285	181	1	10	t	f
338	200	17	800	f	f
244	167	1	10	t	f
287	181	11	1	t	f
246	174	2	10	t	f
250	174	14	800	f	f
249	174	11	1	t	f
251	175	16	800	f	f
260	176	1	99	f	f
286	181	2	10	t	f
290	66	17	2	f	f
72	28	1	5	t	f
221	161	24	1	f	f
302	192	23	800	f	f
300	192	25	1	f	t
293	66	1	10	t	f
299	195	1	10	t	f
409	1	26	1	f	f
68	23	1	5	t	f
69	51	1	4	t	f
70	52	1	1	t	f
71	53	1	4	t	f
481	192	32	800	f	f
439	334	11	5	t	t
343	200	1	1	t	f
326	199	14	800	f	f
321	199	1	10	t	f
364	202	11	1	t	f
373	191	16	800	f	f
374	191	17	800	f	f
375	191	18	800	f	f
376	191	19	800	f	f
377	191	20	800	f	f
378	191	21	800	f	f
294	192	2	10	t	t
387	124	24	800	f	f
513	385	11	1	t	f
390	205	2	10	t	t
520	376	32	0	t	f
397	211	2	10	t	t
401	212	2	155	f	f
402	212	25	87666	f	f
406	217	1	10	t	f
411	238	11	100	f	f
419	239	19	800	f	f
413	237	1	10	t	f
417	239	1	10	t	f
422	192	17	800	f	f
423	192	18	800	f	f
524	376	33	8000000	f	f
526	403	1	10	t	t
528	403	44	10	f	f
530	437	49	10	f	f
542	403	66	10	f	f
547	464	33	50	f	f
271	179	19	1	f	t
31	8	1	231	f	f
11	29	1	645	f	f
34	47	1	3213	f	f
18	45	1	5454	f	f
50	39	1	544654654	f	f
263	175	1	10	t	f
14	41	2	50	f	f
13	29	2	99	f	f
47	3	4	2222	f	f
26	1	4	602222	f	f
24	1	5	222	f	f
29	23	6	444	f	f
28	1	6	3213	f	f
33	36	7	60	f	f
37	1	7	22222222	f	f
76	56	1	1	t	f
379	191	22	1	f	t
80	53	7	10	f	f
269	179	14	800	f	f
74	54	1	10	t	f
87	59	1	10	t	f
389	205	1	10	t	t
84	56	2	2	t	f
85	36	2	2	t	f
527	415	32	1	t	f
210	151	2	10	t	f
138	57	2	1	t	f
140	31	2	1	t	f
89	60	2	10	t	f
100	55	2	2	t	f
142	4	2	12	t	f
147	53	2	11	t	f
272	179	21	2	f	f
112	60	13	1	t	f
116	60	9	800	f	f
117	60	8	10	f	f
217	156	16	800	f	f
218	157	2	10	t	f
154	7	11	1	t	f
219	158	1	10	t	f
169	7	21	800	f	f
167	7	2	111	f	f
342	201	1	10	t	f
337	200	2	10	t	f
179	4	20	800	f	f
185	2	1	10	t	f
17	43	1	50	f	f
268	179	11	1	t	t
228	164	1	10	t	f
230	3	18	800	f	f
273	180	1	10	t	t
177	3	21	800	f	f
394	192	20	800	f	f
240	166	1	10	t	f
245	168	1	10	t	f
247	174	1	10	t	f
225	163	1	10	t	f
226	163	2	10	t	f
277	58	2	10	t	f
280	58	11	1	t	f
396	192	22	800	f	f
16	25	1	50	f	f
289	181	16	800	f	f
15	41	1	50	f	f
303	196	1	10	t	f
297	194	1	10	t	f
292	193	11	1	t	f
399	211	11	1	t	t
383	192	1	10	t	t
404	214	1	10	t	f
405	216	25	800	f	f
414	238	14	800	f	f
348	202	1	10	t	f
356	202	2	10	t	f
407	220	1	10	t	f
372	191	14	800	f	f
410	231	1	10	t	f
415	238	1	10	t	f
412	238	2	10	t	f
418	239	2	10	t	f
324	199	2	10	t	f
421	192	16	800	f	f
529	425	84	10000000	f	f
395	192	21	0	t	t
507	201	32	800	f	f
369	191	1	10	t	t
370	191	2	10	t	t
371	191	11	1	t	t
549	429	11	1	t	f
511	336	11	4	t	t
425	332	14	800	f	f
388	124	25	800	f	f
391	205	17	800	f	f
424	332	21	800	f	f
426	332	11	12	t	t
444	216	11	1	t	f
558	530	44	10	f	f
78	56	7	1	f	f
93	55	10	2	f	f
296	192	14	3	t	f
521	411	21	800	f	f
1	403	60	10	f	f
3	403	45	9	f	f
4	403	74	9	f	f
5	403	76	9	f	f
6	403	81	9	f	f
1041	425	46	0	t	t
1005	403	75	10	f	f
1006	403	77	10	f	f
1008	403	62	10	f	f
1009	403	63	10	f	f
1001	403	101	0	t	f
1010	403	102	0	t	t
536	403	11	33	t	f
1095	1038	66	10	f	f
1096	1038	67	10	f	f
1029	192	71	10	f	f
416	237	2	20	t	f
132	16	14	1	t	f
282	2	14	2	t	f
515	376	14	3	t	f
1030	192	85	800	f	f
1031	192	82	10	f	f
1032	448	55	10	f	f
1035	425	72	10	f	f
1037	518	67	10	f	f
1038	518	75	10	f	f
1039	518	58	10	f	f
1100	192	45	18	f	f
1044	1011	11	0	t	f
1045	161	79	10	f	f
1046	161	80	10	f	f
1028	192	86	0	t	t
1090	192	53	6	f	t
1043	425	33	8000000	f	f
1051	425	44	10	f	f
1052	425	45	10	f	f
1104	192	55	26	f	f
1105	192	56	5	f	f
1092	192	57	2	f	f
1107	192	58	7	f	f
1108	1054	84	10000000	f	f
1109	192	62	100000	f	f
1088	192	44	0	t	f
1112	429	51	10	f	f
1114	1071	45	10000000	f	f
1115	1064	45	10	f	f
1098	443	11	50	t	f
1117	192	59	10	f	f
1119	192	33	3333374	f	f
1091	192	54	10	f	f
1067	192	67	102	f	f
1123	1039	48	14	f	f
1137	1039	72	10	f	f
1138	1039	73	10	f	f
1139	1039	74	10	f	f
1141	337	48	10	f	f
1144	1080	44	10	f	f
1145	1081	71	10999999	f	f
1147	1080	45	10	f	f
1148	1080	46	10	f	f
1149	1080	50	10	f	f
1151	1064	81	0	t	f
1161	161	58	10	f	f
1162	161	59	10	f	f
1111	1064	11	17	t	f
1163	161	56	10	f	f
1164	161	67	10	f	f
1165	161	84	10000000	f	f
1160	161	57	10	f	f
1166	161	81	10	f	f
1167	161	77	10	f	f
1168	1039	77	16	f	f
1170	1039	78	10	f	f
1173	1039	75	10	f	f
1174	1039	60	10	f	f
1175	1039	70	10	f	f
1177	161	11	50	f	f
1180	1039	33	8000000	f	f
1181	1039	47	10	f	f
1182	1039	51	10	f	f
1184	1086	73	10	f	f
1188	1086	45	10	f	f
1189	1086	71	10	f	f
546	425	11	33	t	t
1078	192	11	47	t	f
1142	1080	11	50	t	f
1178	1084	11	50	t	f
1186	1086	11	50	t	f
1099	192	46	109999	f	f
1190	1039	50	10	f	f
1191	1039	52	10	f	f
1212	1039	71	10	f	f
1192	1039	79	10	f	f
1193	1039	80	10	f	f
1195	1039	49	10	f	f
1216	1039	86	50000000	f	f
1218	1088	81	10	f	f
1219	1089	74	10	f	f
1220	1090	77	10	f	f
1215	1039	11	19	t	f
1232	1094	62	10	f	f
1233	1094	78	10	f	f
1339	1137	60	10	f	f
1235	1095	85	816	f	f
1239	1095	65	10	f	f
1240	1095	55	15	f	f
1243	1096	85	800	f	f
1247	1096	33	8000000	f	f
1248	1096	73	10	f	f
1249	1096	55	10	f	f
1251	1096	67	10	f	f
1256	1098	67	10	f	f
1259	1098	56	10	f	f
1261	1098	68	10	f	f
1262	1098	54	10	f	f
1263	1099	61	10	f	f
1264	1099	62	10	f	f
1265	1099	63	10	f	f
1266	1099	64	10	f	f
1267	1099	65	10	f	f
1268	1099	56	25	f	f
1270	1099	57	10	f	f
1271	1099	58	10	f	f
1274	1097	52	10	f	f
1276	1100	68	10	f	f
1279	518	50	10	f	f
1280	518	47	10	f	f
1281	518	49	10	f	f
1283	1101	104	800	f	f
1277	1100	11	43	t	f
1331	1130	11	50	t	f
1284	1101	102	0	t	t
1332	1131	11	50	t	f
1357	448	63	10	f	f
1288	1100	66	10	f	f
1289	1100	67	10	f	f
1290	1100	69	10	f	f
1292	1100	70	10	f	f
1293	1100	71	10	f	f
1295	1100	72	10	f	f
1333	1132	11	50	t	f
1296	1100	73	10	f	f
1299	1100	74	10	f	f
1301	1100	75	10	f	f
1302	1100	104	800	f	f
1305	1105	46	10	f	f
1306	1105	47	10	f	f
1307	1105	48	10	f	f
1308	1105	50	10	f	f
1310	1106	44	10	f	f
1311	1106	33	8000000	f	f
1312	1106	46	10	f	f
1313	1107	52	10	f	f
1314	1108	71	10	f	f
1315	1109	68	10	f	f
1316	1109	69	10	f	f
1317	1111	72	10	f	f
1318	1112	66	10	f	f
1319	1113	66	10	f	f
1320	1114	75	10	f	f
1321	1116	66	10	f	f
1322	1117	68	10	f	f
1323	1118	69	10	f	f
1324	1120	46	10	f	f
1336	1135	60	10	f	f
1337	1136	33	8000000	f	f
1334	1133	11	50	t	f
1335	1134	11	50	t	f
1338	1138	11	50	t	f
510	201	11	50	t	f
1217	1087	11	50	t	f
1221	1091	11	50	t	f
1234	1094	11	50	t	f
1242	1095	11	50	t	f
1253	1096	11	50	t	f
1273	1097	11	50	t	f
1258	1098	11	50	t	f
1282	1101	11	50	t	f
1303	1103	11	50	t	f
1304	1105	11	50	t	f
1309	1106	11	50	t	f
1325	1124	11	50	t	f
1326	1125	11	50	t	f
1340	1138	45	10	f	f
1327	1126	11	50	t	f
1328	1127	11	50	t	f
1329	1128	11	50	t	f
1330	1129	11	50	t	f
1341	1138	33	8000000	f	f
1342	1139	73	10	f	f
1343	1141	11	50	t	f
1344	1142	11	50	t	f
1345	1143	33	8000000	f	f
1346	1145	60	10	f	f
1347	1145	73	10	f	f
1348	1146	74	10	f	f
1349	1147	104	800	f	f
1350	1148	75	10	f	f
1351	1149	104	800	f	f
1352	1149	103	800	f	f
1353	1149	102	3	f	f
1354	1149	85	800	f	f
1355	1152	44	10	f	f
1356	1152	45	10	f	f
1358	448	62	10	f	f
1359	1153	104	800	f	f
1360	1153	78	10	f	f
1361	1154	76	10	f	f
1362	1154	77	10	f	f
1364	1154	79	10	f	f
1365	1155	45	10	f	f
1366	1156	11	50	t	f
1368	1157	44	10	f	f
1369	1157	45	10	f	f
1370	1157	46	10	f	f
1371	1157	47	10	f	f
1372	1157	48	10	f	f
1373	1157	49	10	f	f
1374	1157	50	10	f	f
1375	1157	51	10	f	f
1376	1157	52	10	f	f
1378	1157	54	10	f	f
1379	1157	55	10	f	f
1380	1157	56	10	f	f
1381	1157	57	10	f	f
1382	1157	58	10	f	f
1383	1157	59	10	f	f
1384	1157	60	10	f	f
1385	1157	104	800	f	f
1386	1080	48	10	f	f
1387	1080	33	8000000	f	f
1388	192	49	10	f	f
1389	1157	53	10	f	f
1390	1157	73	10	f	f
1391	1157	74	10	f	f
1392	1157	75	10	f	f
1393	1157	76	10	f	f
1394	1157	77	10	f	f
1395	1157	78	10	f	f
1396	1157	79	10	f	f
1397	1157	80	10	f	f
1398	1157	81	10	f	f
1399	1157	103	800	f	f
1400	429	67	10	f	f
1401	1157	68	10	f	f
1402	1157	67	21	f	f
1405	1181	11	51	t	f
1367	1157	11	51000	f	f
1408	1184	103	800	f	f
1409	1197	11	50	t	f
1410	1213	48	10	f	f
\.


--
-- Data for Name: users; Type: TABLE DATA; Schema: public; Owner: avnadmin
--

COPY public.users (id, created_at, updated_at, display_name, avatar_url) FROM stdin;
5c74e730-e72f-45ab-8702-d866954b9941	2021-03-27 19:30:44.859096+00	2021-03-27 19:30:44.859096+00	kolmanjindrich5@gmail.com	\N
\.


--
-- Data for Name: verified_user_authentications; Type: TABLE DATA; Schema: public; Owner: avnadmin
--

COPY public.verified_user_authentications (account_id, provider, login_name) FROM stdin;
10	prprpr	lalala
192	auth0	google-oauth2|113035788173163819315
192	auth0	facebook|1865114166978191
192	auth0	facebook|1865114166978191
1002	auth0	facebook|1865114166978191
1002	auth0	facebook|1865114166978191
10		
192	auth0	auth0|605148c9e6827b0068b64193
1010	auth0	auth0|605148c9e6827b0068b64193
1010	auth0	auth0|605148c9e6827b0068b64193
1011	auth0	auth0|60514b28ce519700689d5a6f
1012	auth0	auth0|60514b28ce519700689d5a6f
\.


--
-- Name: campaign_notifications_id_seq; Type: SEQUENCE SET; Schema: public; Owner: avnadmin
--

SELECT pg_catalog.setval('public.campaign_notifications_id_seq', 1075, true);


--
-- Name: campaigns_id_seq; Type: SEQUENCE SET; Schema: public; Owner: avnadmin
--

SELECT pg_catalog.setval('public.campaigns_id_seq', 106, true);


--
-- Name: causes_id_seq; Type: SEQUENCE SET; Schema: public; Owner: avnadmin
--

SELECT pg_catalog.setval('public.causes_id_seq', 102, true);


--
-- Name: participation_id_seq; Type: SEQUENCE SET; Schema: public; Owner: avnadmin
--

SELECT pg_catalog.setval('public.participation_id_seq', 1410, true);


--
-- Name: users_id_seq; Type: SEQUENCE SET; Schema: public; Owner: avnadmin
--

SELECT pg_catalog.setval('public.users_id_seq', 1216, true);


--
-- Name: accounts accounts_pkey; Type: CONSTRAINT; Schema: public; Owner: avnadmin
--

ALTER TABLE ONLY public.accounts
    ADD CONSTRAINT accounts_pkey PRIMARY KEY (id);


--
-- Name: campaign_dismissals campaign_dismissals_pkey; Type: CONSTRAINT; Schema: public; Owner: avnadmin
--

ALTER TABLE ONLY public.campaign_dismissals
    ADD CONSTRAINT campaign_dismissals_pkey PRIMARY KEY (campaign_id, account_id);


--
-- Name: campaign_notifications campaign_notifications_pkey; Type: CONSTRAINT; Schema: public; Owner: avnadmin
--

ALTER TABLE ONLY public.campaign_notifications
    ADD CONSTRAINT campaign_notifications_pkey PRIMARY KEY (id);


--
-- Name: campaigns campaigns_pkey; Type: CONSTRAINT; Schema: public; Owner: avnadmin
--

ALTER TABLE ONLY public.campaigns
    ADD CONSTRAINT campaigns_pkey PRIMARY KEY (id);


--
-- Name: campaigns campaigns_uri_key; Type: CONSTRAINT; Schema: public; Owner: avnadmin
--

ALTER TABLE ONLY public.campaigns
    ADD CONSTRAINT campaigns_uri_key UNIQUE (uri);


--
-- Name: causes causes_id; Type: CONSTRAINT; Schema: public; Owner: avnadmin
--

ALTER TABLE ONLY public.causes
    ADD CONSTRAINT causes_id PRIMARY KEY (id);


--
-- Name: accounts id; Type: CONSTRAINT; Schema: public; Owner: avnadmin
--

ALTER TABLE ONLY public.accounts
    ADD CONSTRAINT id UNIQUE (id);


--
-- Name: participations participation_pkey; Type: CONSTRAINT; Schema: public; Owner: avnadmin
--

ALTER TABLE ONLY public.participations
    ADD CONSTRAINT participation_pkey PRIMARY KEY (id);


--
-- Name: participations participations_campaign_id_user_id; Type: CONSTRAINT; Schema: public; Owner: avnadmin
--

ALTER TABLE ONLY public.participations
    ADD CONSTRAINT participations_campaign_id_user_id UNIQUE (campaign_id, account_id);


--
-- Name: accounts users_name_key; Type: CONSTRAINT; Schema: public; Owner: avnadmin
--

ALTER TABLE ONLY public.accounts
    ADD CONSTRAINT users_name_key UNIQUE (name);


--
-- Name: users users_pkey; Type: CONSTRAINT; Schema: public; Owner: avnadmin
--

ALTER TABLE ONLY public.users
    ADD CONSTRAINT users_pkey PRIMARY KEY (id);


--
-- Name: users set_public_users_updated_at; Type: TRIGGER; Schema: public; Owner: avnadmin
--

CREATE TRIGGER set_public_users_updated_at BEFORE UPDATE ON public.users FOR EACH ROW EXECUTE FUNCTION public.set_current_timestamp_updated_at();


--
-- Name: campaign_dismissals campaign_dismissals_campaign_id_fkey; Type: FK CONSTRAINT; Schema: public; Owner: avnadmin
--

ALTER TABLE ONLY public.campaign_dismissals
    ADD CONSTRAINT campaign_dismissals_campaign_id_fkey FOREIGN KEY (campaign_id) REFERENCES public.campaigns(id) ON UPDATE RESTRICT ON DELETE RESTRICT;


--
-- Name: campaign_dismissals campaign_dismissals_user_id_fkey; Type: FK CONSTRAINT; Schema: public; Owner: avnadmin
--

ALTER TABLE ONLY public.campaign_dismissals
    ADD CONSTRAINT campaign_dismissals_user_id_fkey FOREIGN KEY (account_id) REFERENCES public.accounts(id) ON UPDATE RESTRICT ON DELETE RESTRICT;


--
-- Name: campaign_notifications campaign_notifications_campaign_id_fkey; Type: FK CONSTRAINT; Schema: public; Owner: avnadmin
--

ALTER TABLE ONLY public.campaign_notifications
    ADD CONSTRAINT campaign_notifications_campaign_id_fkey FOREIGN KEY (campaign_id) REFERENCES public.campaigns(id) ON UPDATE RESTRICT ON DELETE RESTRICT;


--
-- Name: campaign_notifications campaign_notifications_user_id_fkey; Type: FK CONSTRAINT; Schema: public; Owner: avnadmin
--

ALTER TABLE ONLY public.campaign_notifications
    ADD CONSTRAINT campaign_notifications_user_id_fkey FOREIGN KEY (account_id) REFERENCES public.accounts(id) ON UPDATE RESTRICT ON DELETE RESTRICT;


--
-- Name: campaigns campaigns_cause_id_fkey; Type: FK CONSTRAINT; Schema: public; Owner: avnadmin
--

ALTER TABLE ONLY public.campaigns
    ADD CONSTRAINT campaigns_cause_id_fkey FOREIGN KEY (cause_id) REFERENCES public.causes(id) ON UPDATE RESTRICT ON DELETE RESTRICT;


--
-- Name: campaigns campaigns_maintainer_fkey; Type: FK CONSTRAINT; Schema: public; Owner: avnadmin
--

ALTER TABLE ONLY public.campaigns
    ADD CONSTRAINT campaigns_maintainer_fkey FOREIGN KEY (maintainer_id) REFERENCES public.accounts(id) ON UPDATE RESTRICT ON DELETE RESTRICT;


--
-- Name: causes causes_maintainer_id_fkey; Type: FK CONSTRAINT; Schema: public; Owner: avnadmin
--

ALTER TABLE ONLY public.causes
    ADD CONSTRAINT causes_maintainer_id_fkey FOREIGN KEY (maintainer_id) REFERENCES public.accounts(id) ON UPDATE RESTRICT ON DELETE RESTRICT;


--
-- Name: participations participation_campaign_fkey; Type: FK CONSTRAINT; Schema: public; Owner: avnadmin
--

ALTER TABLE ONLY public.participations
    ADD CONSTRAINT participation_campaign_fkey FOREIGN KEY (campaign_id) REFERENCES public.campaigns(id) ON UPDATE RESTRICT ON DELETE RESTRICT;


--
-- Name: participations participation_user_fkey; Type: FK CONSTRAINT; Schema: public; Owner: avnadmin
--

ALTER TABLE ONLY public.participations
    ADD CONSTRAINT participation_user_fkey FOREIGN KEY (account_id) REFERENCES public.accounts(id) ON UPDATE RESTRICT ON DELETE RESTRICT;


--
-- Name: verified_user_authentications verified_user_authentications_user_id_fkey; Type: FK CONSTRAINT; Schema: public; Owner: avnadmin
--

ALTER TABLE ONLY public.verified_user_authentications
    ADD CONSTRAINT verified_user_authentications_user_id_fkey FOREIGN KEY (account_id) REFERENCES public.accounts(id) ON UPDATE RESTRICT ON DELETE RESTRICT;


--
-- PostgreSQL database dump complete
--

